Title,Artist,Album,Released year,Lyricist,Lyrics,Metaphor,Meaning,Source,Target
"Ahasin Eha
",Kasun Kalhara,"Adaraneeya Kathawak
",2016,Nilar N. Cassim,"අහසින් එහා
තරු මං දිගේ
පියඹන්න දැන්
විහඟෙකු ලෙසින්
අහසින් එහා
සිහිනය දිගේ
පියඹන්න නම්
ආසයි ඉතිං
හිත කළඹමින්
හැඟුමන් එබී
ඔච්චම් කළේ
කවදාක හෝ
නොදැනුණු ලෙසින්
හද ගී පොතේ
සත්සර නැගී
ඒ ආදරේ
සිතුවිලි කුසුම්
විකසිත වෙමින්
මකරන්ද සුවඳින් පිරේ
ඔබගේ හඬින්
විවරණ අරන්
ජීවිතය ගීයක් වුනේ
දවසක උතුම්
කිරුළක් දරන්
ඔබ එන්න රැජිනක් ලෙසින්
හිත කළඹමින්
හැඟුමන් එබී
ඔච්චම් කළේ
කවදාක හෝ
නොදැනුණු ලෙසින්
අහසින් එහා
තරු මං දිගේ
පියඹන්න දැන්
විහඟෙකු ලෙසින්
අහසින් එහා
සිහිනය දිගේ
පියඹන්න නම්
ආසයි ඉතිං
හිත කළඹමින්
හැඟුමන් එබී
ඔච්චම් කළේ
කවදාක හෝ
නොදැනුණු ලෙසින්
හද ගී පොතේ
සත්සර නැගී
ඒ ආදරේ",සිතුවිලි කුසුම්,"Thoughts or ideas that are beautiful, delicate, or refined",Thought,Flower
හීනයකි මට ආදරේ,Kasun Kalhara & Uresha Ravihari,ආදරණීය වස්සානය (Film),2004,Upul Shantha Sannasgala,"හා.. හා.. හා.. හා..
හ්ම්.. හ්ම්.. හ්ම්..

හීනයකි මට ආදරේ
හැඟෙනවා මට ජීවිතේ
හිනයට ළඟ ජිවිතේ
හැඟෙනවා ඔබෙ ආදරේ

වැටෙනකොට කඳුළු ඇවිලිලා
සුවඳ මල් පෙති පරවෙලා
සුවඳ මල් පෙති පරවෙලා
වස්සාන සිහිනේ ඇවිලිලා

සුසුමේ තවරා සැඟවු සිහිනේ
සුසුමේ තවරා සැඟවු සිහිනේ
ආ....ආ....ආ....ආදරණීය වස්සානේ
ආ....ආ....ආ....ආදරණීය වස්සානේ
ආ....ආ....ආ....ආදරණීය වස්සානේ
ආ....ආ....ආ....ආදරණීය වස්සානේ",හීනයකි මට ආදරේ,Love is a dream to me,Dreams & Imaginations,Emotions
Senehas Aware,Supun Perera,NA,2022,Sajith Akmeemana,"රෑ හීන ගානේ නුඹ පෙනේවී
හුස්මක් පවා දුර යයි සිතේවී
මා ආදරේ නුඹගෙන් දකීවී
සංසාරයේ හමුවී තියේවී

සෙනෙහස් අවාරේ කුලුදුල් තුෂාරේ
ඔබමයි ගෙනාවේ මගේ දිවිතුරා
අනුහස් විමානේ සිපගත් නුරාවේ
සදකැන් ගලා ඒ් හදේ ගිම් නිවා

මුදු වලා අතරේ පාවෙලා අප සිනා නිතර යාවෙලා
දැනෙන්නේ මේ ආදරය දෝ
විහගුනේ ගයන ගීතිකා උනුහුමේ විදින චාරිකා
ඔබ මැවුනේ මා වෙනුවෙන්ම දෝ

සෙනෙහස් අවාරේ කුලුදුල් තුෂාරේ
ඔබමයි ගෙනාවේ මගේ දිවිතුරා
අනුහස් විමානේ සිපගත් නුරාවේ
සදකැන් ගලා ඒ් හදේ ගිම් නිවා

හදවතේ මියුරු කාරණා නුඹ ගෙනා මතක පාරනා
කොදුරන් හදට ආරාධනා
නුඹ මගේ හිතම සාදනා ආදරේ අකුරු තෝරනා
ඔබමයි හීන හැබැහින් ගෙනා

සෙනෙහස් අවාරේ කුලුදුල් තුෂාරේ
ඔබමයි ගෙනාවේ මගේ දිවිතුරා
අනුහස් විමානේ සිපගත් නුරාවේ
සදකැන් ගලා ඒ් හදේ ගිම් නිවා",හදේ ගිම් නිවා,Reduce emotional pain,Pain,Fire
ගෙදර බුදුන් කියලා,Chamara Weerasingha,unknown,2012,Visharada Kavi Keerthi Thero,"ගෙදර බුදුන් කියලා ඔබේ දෙපා වඳින්න
තාත්තේ ඔබ මා ළඟ නෑ මට දැකගන්න
පියෙන් පියට දුර යන්නට වාරුව දුන්න
ඔබේ සෙනෙහස කියලා බෑ ඉවර කරන්න

දිවා රැයේ සොයා බැලූ අප ගැන කරුණු
අනාගතය ගැන කියලා දුන් මහා ලකුණු
දොළොස් මහේ පහන වගේ දැල් වී නිවුණු
ඔබ සිහි වී හැඬුවා හිත වාවනු බැරි

ගෙදර බුදුන් කියලා ඔබේ දෙපා වඳින්න
තාත්තේ ඔබ මා ළඟ නෑ මට දැකගන්න
පියෙන් පියට දුර යන්නට වාරුව දුන්න
ඔබේ සෙනෙහස කියලා බෑ ඉවර කරන්න

කවා පොවා හදා වඩා දුක සැප විමසූ
දයාබරව හිස අත ගෑ හිතකින් කුළුණු
සොහොන් කොතේ නිදනකුගේ සුවඳේ රැඳුණු
ඔබ සිහි වී හැඬුවා හිත වාවනු බැරි

ගෙදර බුදුන් කියලා ඔබේ දෙපා වඳින්න
තාත්තේ ඔබ මා ළඟ නෑ මට දැකගන්න
පියෙන් පියට දුර යන්නට වාරුව දුන්න
ඔබේ සෙනෙහස කියලා බෑ ඉවර කරන්න",දොළොස් මහේ පහන වගේ දැල් වී නිවුණු,Lost beloved one suddenly,beloved one,lamp
Sandawathiye ,Ashan Fernando,None,2018,Nisal Fernando,"සඳ රූරා හීන සේයා
නෙතු පායා මායාව විහිදා
නිදි වරනා පාළු හෝරා
මට නුඹ හා විඳගන්න ඕනා
සඳ දිය දහරා හදවත පාරා
මගේ සඳ කිඳුරී මා ගාව පායා
සිතුවිලි පීරා ලය පිරිමදිනා
දිගු නිල් දෑසේ මායාවේ ගිලුණා
සඳ වතියේ...
සඳ වතියේ...
පායා තරු කැට වීණා
හීනේ සියොළඟ රැඳුනා
ඝණ අඳුරේ මා හා පිය මනිනා
අරුමොසම් දෑසට වහ වැටුණා
සෙවනැලි මාවතේ සැඟවෙන්නෙපා
කවිකාර පෙම දෝරෙ ගැලුවා
සඳ වතියේ නුඹගේ සෙනෙහේ සුසුම් ඇහැරුණා
රහසේ කාලය ගෙවනා
මායා සිහිනයේ රැඳිලා
සඳ සෙවනේ නුඹ හා නෙතු පටලා
ආදරයේ මීවිත අයදිනවා
සෙවනැලි මාවතේ සැඟවෙන්නෙපා
කවිකාර පෙම දෝරෙ ගැලුවා
සඳවතියේ නුඹගේ සෙනෙහේ සුසුම් ඇහැරුණා
සඳ රූරා හීන සේයා
නෙතු පායා මායාව විහිදා
නිදි වරනා පාළු හෝරා
මට නුඹ හා විඳගන්න ඕනා
සඳ දිය දහරා හදවත පාරා
මගේ සඳ කිඳුරී මා ගාව පායා
සිතුවිලි පීරා ලය පිරිමදිනා
දිගු නිල් දෑසේ මායාවෙ ගිලුණා
සඳ වතියේ...
සඳ වතියේ...
සඳ වතියේ...
සඳ වතියේ...
",සඳ වතියේ,Girl who is bright as the moon,Girl,Moon
Pandama,Dhanith Sri,NA,2018,Dhanith Sri,"පන්දම රැගෙන යන්න එන්න මා හදවතට
නෙතු දැහැන් බිඳිනා රන් සලුව ඇඳ
ලියතඹර ලෙලවා හද මඬල යට
දෙන්න මැණිකෙ මගෙ පපුවට ගින්දර
මේ දුර දිවි කතරේ අතරමඟදි දැකලා නැතී
රුවකට නෙත ගැටුණේ කතරක වැසි වැටෙනා දැනේ
හදවත පතුලේ යකු බෙර වැයුණේ තම්දෙන තානේනේ නා
අනේ මගේ යකුනේ නටපන් හනිකේ තම්දෙන තානේනේ තානේනේ තානානේ

ඉණ වට බැන්දා වූ මුතු පොට සැලෙනකොට
පන්දම දැවෙනවා හද ගිනි ලවාගෙන
වැහි කළුව එනවා නුඹ නැති දාට
සිත් අහසම පුරවා අන්ධකාරෙක
මේ දුර දිවි කතරේ අතරමඟදි දැකලා නැතී
රුවකට නෙත ගැටුණේ කතරක වැසි වැටෙනා දැනේ
මේ දුර දිවි කතරේ අතරමඟදි දැකලා නැතී
රුවකට නෙත ගැටුණේ කතරක වැසි
වැටෙනා දැනේ
හදවත පතුලේ යකු බෙර වැයුණේ තම්දෙන තානේනේ නා
අනේ මගේ යකුනේ නටපන් හනිකේ තම්දෙන තානේනේ තානේනේ
තානානේ
අනේ මගේ යකුනේ නටපන් හනිකේ තම්දෙන තානේනේ තානේනේ
තානානේ","පන්දම රැගෙන යන්න එන්න මා හදවතට
හදවත පතුලේ යකු බෙර වැයුණේ","Come and accept my love
My heart is beating loudly","Love
Heartbeat","Flame
Drums"
Ananthe Pura,Dhanith Sri,Alokawarsha,2021,Dhanith Sri,"ලයේ සතපා මා බාලයේ හොවා..
සිතේ දුක් සාගරේ දරා මා නිසා..
කාලයක් ගෙවී දැඩි වූවත් මගේ..
සිතින් දරන්න බෑ නොමැති නම් ළඟ මගේ..
පවසන්නම් ඉතින් ඇසෙයිනම් හඬ මගේ..

දරා වේදනා මා කුසයේ දරාලා නුඹ සිටියා මගේ අම්මේ..
සදා මාලිගා මා හර්දේම හංගා නුඹ සිටියා මගේ තාත්තේ..

නුඹේ පැතුමන් මා නිසා පසෙක ලා..
මගේ මුලු ලෝකයේ පුරා හැඩකලා..
නොසෙල්වී මහා පොළවේ පය ගසා..
සිටින්නේ නුඹේ මහමෙරක් ගුණ නිසා..
වසන්තේ මගෙයි නුඹ මගේ ළඟ නිසා..

ලෝකේ දුටුවා මා..
මිනිසුන් හ්ඳුනයි මා..
බැඳීමෙන් මගේ..
මිඳී යන්න දැන්..
අනන්තේ පුරා

ලෝකේ දුටුවා මා..
මිනිසුන් හ්ඳුනයි මා..
බැඳීමෙන් මගේ..
මිඳී යන්න දැන්..
අනන්තේ පුරා

ලෝකේ දුටුවා මා..
මිනිසුන් හ්ඳුනයි මා..
බැඳීමෙන් මගේ..
මිඳී යන්න දැන්..
අනන්තේ පුරා

ලෝකේ දුටුවා මා..
මිනිසුන් හ්ඳුනයි මා..
බැඳීමෙන් මගේ..
මිඳී යන්න දැන්..
අනන්තේ පුරා",සදා මාලිගා මා හර්දේම හංගා,Giving me a hopeful personality,Hope,Castle
Mihirawa awa,Sajitha Anthony,NA,2019,Jackson Anthony,"කතරට වහින වැස්ස සේ මල් වැසි ආවා.
සුලගට සලිත ලිය වැලක් ලාදලු පෑවා.
විලකට නෙලුබු මලතුරේ පිණිබිදු දෝවා.
මලකට සුවද පොද වගේ මුවරද නාවා.

මිහිරාව ආවා. මදුරාස කීවා.
හිත හීන් හිරියාවෙ පෙම් සුවද නෑවා

මිහිරාව ආවා. මදුරාස කීවා.
හිත හීන් හිරියාවෙ පෙම් සුවද නෑවා

ඔය තුරුලෙමයි ප්රිය බදේ
ඔය තුරුලෙමයි ප්රිය බදේ…

හිරු පායන්නෙ මේ ජීවිතේ
හිරු පායන්නෙ මේ ජීවිතේ…

සංසාරන්යෙයේ බෝම විස කටු තියේ.
මේ ආරන්යයේ ඉන්න මට පින තියේ.
මිහිරාව ආවා. මදුරාස කීවා.

හිත හීන් හිරියාවෙ පෙම් සුවද නෑවා
හිත හීන් හිරියාවෙ පෙම් සුවද නෑවා…

ඔය තුරුලෙමයි ප්‍රිය බදේ
ඔය තුරුලෙමයි ප්‍රිය බදේ…

හිරු පායන්නෙ මේ ජීවිතේ
හිරු පායන්නෙ මේ ජීවිතේ…

හිරු අරුනැල්ල සේ පෑව මොහිරාවියේ.
මෙන්න මගෙ ජීවිතේ පුදමි පඩුරක් ලෙසේ.
මිහිරාව ආවා. මදුරාස කීවා.

හිත හීන් හිරියාවෙ පෙම් සුවද නෑවා
හිත හීන් හිරියාවෙ පෙම් සුවද නෑවා

ඔය තුරුලෙමයි ප්‍රිය බදේ
ඔය තුරුලෙමයි ප්‍රිය බදේ…

හිරු පායන්නෙ මේ ජීවිතේ
හිරු පායන්නෙ මේ ජීවිතේ…","සංසාරණ්ය යේ බෝම විසකටු තියේ
මේ ආරණ්යරයේ ඉන්න මට පින තියේ","There are many toxic girls
But my girlfriend is not so","Girls in general
Girl","Poisonous thorns
Calm place"
ජීවිතේ කවියක් ,Nanda Malani,ජීවිතේ කවියක්,1992,Bandara Eheliyagoda,"ජීවිතේ කවියක්..
ආදරේ..සොඳුරු තම වදනක්..
කඳුලැලි බිඳක් - හසරැලි පොදක්..
එකට එක්වූ විට දැනෙයි...
පෙර නොවිදි රසයක්..

පසුපසින් හඹා එන අතවර..
හැරදමා..යා නොහැක බෝදුර..
දුක ද ඉවසා දරා ගන්නට
සිතට බල කරනා..
හැඟුම් අවදිව මැවේ කවිකම..

ජීවිතේ කවියක්..
ආදරේ..සොඳුරු තම වදනක්..
කඳුලැලි බිඳක් - හසරැලි පොදක්..
එකට එක්වූ විට දැනෙයි...
පෙර නොවිදි රසයක්..

සෙනෙහසින් රැදී උන් නෙක දන..
පලා යයි නොකියාම ඈතක..
පවුරු පදනම් බිදී දස අත
විසිර යන යාමේ..
කවුරු නම් ලංවේද තනියට..

ජීවිතේ කවියක්..
ආදරේ..සොඳුරු තම වදනක්..
කඳුලැලි බිඳක් - හසරැලි පොදක්..
එකට එක්වූ විට දැනෙයි...
පෙර නොවිදි රසයක්..",ජීවිතේ කවියක්,Life is a poem,Poem,Life
වන්නි වන පෙතේ,Sunil Edirisinghe,ජීවිතය කවියක්,1990,Bandara Eheliyagoda,"වන්නි වන පෙතේ
ගම් දනව් පුරා නිවහන වංක ගිරි වනේ
වෙසතුරු සදිසි පියවරුන්
අත් මුදුන් තබා බැතියෙන් වන්දනා කරම්...//

කන්ට බෑ කියා - තනියම එන්ට යයි කියා
ගමටම බත් බුලත් - නිතර දන් දුන් පියවරුන් වෙතින්.
ජාත වී ඇතත් - පූරුවෙ කරන ලද පවක් පලදී
බින්න බැස හිදී නගරය අසල දූ පුතුන්

වන්නි වන පෙතේ...

කල්ප කාලයක් - පරපුර දුන්නු දන් ඇතත් සිත තුල
මාසෙකට වරක් ලැබෙනුයෙ - සොච්චමක් බැවින්
කන්ට ගත් ගමන් බත් පත - කවුරුවත් එතැයි බිය වැද
දොර ජනෙල් වසා තනියම - බුදිති බෝ දුකින්

වන්නි වන පෙතේ...//",වෙසතුරු සදිසි පියවරුන්,Fathers who are willing to donate anything,Fictional Characters,Fathers
මාස්ටර් සර්,Bathiya & Santhush (BnS),unkonown,2009,Bathiya & Santhush (BnS),"පනම් අටෙන් මට වැඩිකර දුන්නා
හැකි වුනත් බත් මිටක් දරුවට කවන්න
මාස්ටර් සර් මගෙ හිමි තැන දෙනවාදෝ
අනේ සර් අනුකම්පා නොසිතේදෝ
අප අතරේ කඹ ඇදිල්ලේ තරගේ මේ
නිම වෙන්නට කල් ගත වෙයි දෝ
අනේ සර් අපි මිතුරන් වෙයිදෝ
එදා දවස උදා වේවිදෝ
එදා දවස උදා වේවිදෝ
මට මතක් වෙනවා සුද්දා තැලූ පෙලූ හැටි
අපි කතා කලේ පන ගැහි ගැහි දනින් වැටී
මාස්ටර් සර් මගෙ හිමි තැන මට දෙන්න
අනේ සර් කරුණාවෙන් සලකන්න
අප අතරේ කඹ ඇදිල්ලේ තරගේ මේ
නිම වෙන්නට කල් ගත වෙයි දෝ
අනේ සර් අපි මිතුරන් වෙයිදෝ
එදා දවස උදා වේවිදෝ
අප අතරේ කඹ ඇදිල්ලේ තරගේ මේ
නිම වෙන්නට කල් ගත වෙයි දෝ
අනේ සර් අපි මිතුරන් වෙයිදෝ
එදා දවස උදා වේවිදෝ
එදා දවස උදා වේවිදෝ
එදා දවස උදා වේවිදෝ",අප අතරේ කඹ ඇදිල්ලේ තරගේ මේ,competition between two peoples,competition ,pulling the rope
Adariye,Dhanith Sri,Alokawarsha,2020,Dhanith Sri,"නුඹගේ චායා
රූ අතරේ මා හා
ඇදිලා

මතකේ පුරා
විසිරී ගියා
සිත මා
සොදුරේ නුඹ මා
දෙස නොබලා බලා
ගිය දා

නුඹ මගේම තමා
සිතුනා

ආදරියේ
ආදරියේ
ආදරියේ
ආදරියේ

නුඹ මේ චන්ද්‍රා
තරු අතරේ පායා
දිලෙනා

නොදොඩා ගිය දා
නෙත් අතරේ වර්ෂා
හැලුනා

සැනෙකින් බැදෙනා
සිත මන්මත් කරනා
අගනා

නුඹ රූ වරුනා
නැත ලොවෙහී කිසිදා
දැක මා

ආදරියේ
ආදරියේ
ආදරියේ
ආදරියේ",නෙත් අතරේ වර්ෂා හැලුනා,Cried,Tears,Rain
"අවසන් වරට කළ පෙම් සටන 
",Sanuka,Awasan Satana,2020,Sanuka,"අවසන් වරට කළ පෙම් සටන ළඟ මා පැරදුනේ
අවසන් වසර මා හා ගෙව්ව පෙම අවසන් වුනේ
සරසවි උයන තනි වූ දිනෙක මා එහි තනි වුනේ
විඳි පෙම් සුවඳ මහවැලි ඉවුර ළඟ මිහිදන් කළේ
විඳි පෙම් සුවඳ මහවැලි ඉවුර ළඟ මිහිදන් කළේ
නුඹ හා ගෙව්ව මොහොතක සුවය හන්තානට වැඩි
ගිනිගත් හදට රාගී සුවඳ දළු දැම්මා නිති
වරහන් නොමැති ආදර ගීය නුඹ ගැයුවේ බැඳි
නුඹ කළ පෙමට මා දුන් දුකම දැන් මා විඳවමි
නුඹ කළ පෙමට මා දුන් දුකම දැන් මා විඳවමි
අවසන් වරට කළ පෙම් සටන ළඟ මා පැරදුනේ
අවසන් වසර මා හා ගෙව්ව පෙම අවසන් වුනේ
සරසවි උයන තනි වූ දිනෙක මා එහි තනි වුනේ
විඳි පෙම් සුවඳ මහවැලි ඉවුර ළඟ මිහිදන් කළේ
විඳි පෙම් සුවඳ මහවැලි ඉවුර ළඟ මිහිදන් කළේ
මල්වර නැකත වැරදී උන්න ඇය හා මා බැඳි
සංවර සසර ළඟ මා නිරය මැව් බව මා දනී
පූජාසනය සේ මා දුටුව නුඹටම එරෙහි වී
තව මල් පිපෙන තුරු ළඟ උන්න කාලය වැරදුනි
තව මල් පිපෙන තුරු ළඟ උන්න කාලය වැරදුනි
අවසන් වරට කළ පෙම් සටන ළඟ මා පැරදුනේ
අවසන් වසර මා හා ගෙව්ව පෙම අවසන් වුනේ
සරසවි උයන තනි වූ දිනෙක මා එහි තනි වුනේ
විඳි පෙම් සුවඳ මහවැලි ඉවුර ළඟ මිහිදන් කළේ
විඳි පෙම් සුවඳ මහවැලි ඉවුර ළඟ මිහිදන් කළේ",නුඹ හා ගෙව්ව මොහොතක සුවය හන්තානට වැඩි,joy spent with you is unmeasurable /very big ,big joy,mountain
"Heenayaki Mata Adare
",Kasun Kalhara,Adaraneeya Wassanaya,2002,Upul Shantha Sannasgala,"හා.. හා.. හා.. හා..
හ්ම්.. හ්ම්.. හ්ම්..
හීනයකි මට ආදරේ
හැඟෙනවා මට ජීවිතේ
හිනයට ළඟ ජිවිතේ
හැඟෙනවා ඔබෙ ආදරේ
වැටෙනකොට කඳුළු ඇවිලිලා
සුවඳ මල් පෙති පරවෙලා
සුවඳ මල් පෙති පරවෙලා
වස්සාන සිහිනේ ඇවිලිලා
සුසුමේ තවරා සැඟවු සිහිනේ
සුසුමේ තවරා සැඟවු සිහිනේ
ආ....ආ....ආ....ආදරණීය වස්සානේ
ආ....ආ....ආ....ආදරණීය වස්සානේ
ආ....ආ....ආ....ආදරණීය වස්සානේ
ආ....ආ....ආ....ආදරණීය වස්සානේ
",හීනයකි මට ආදරේ,"Love is something that is desirable or aspirational for the speaker, and that they long for it or hope to experience it in their life",Love,Dream
ජීවිතයේ හොදම හරිය,Chamara Weerasinghe,unknown,2013,Chamara Weerasinghe,"ජීවිතයේ හොදම හරිය
අවුල් වෙලා යද්දී
තමා අතට තම අතවත්
සෙවනක් නැති වෙද්දී
විරිත්තන්ඩ දහස් ගනන්
මග බලාන ඉද්දී
නුඹට සැපක් දෝ
මේ ඇස් කදුලින් තෙත් වෙද්දී

මල් නටුවට පිණිබිදුවක්
බර වැඩි නැති හින්දා
මල් රේනුව හිස නමාන
මේ ලෝකෙට වැන්දා
හින පොකුරු හිත පුරෝනා
අපි කසාද බැන්දා
මංගල රෑ එලිවෙනතුරු
නුඹ සමාව යැද්දා

ජීවිතයේ හොදම හරිය
අවුල් වෙලා යද්දී
තමා අතට තම අතවත්
සෙවනක් නැති වෙද්දී
විරිත්තන්ඩ දහස් ගනන්
මග බලාන ඉද්දී
නුඹට සැපක් දෝ
මේ ඇස් කදුලින් තෙත් වෙද්දී

මුළු ලෝකෙට හොද මූනක්
පෙන්නන්නට හන්දා
ඔබ වෙනුවෙන් මේ වෙනතුරු
අපමණ දුක් වින්දා
තව දුරටත් ඒ ගැන නම්
කියන්න බැරි හන්දා
ගැනියකට සමාව දී
රැවටුනාද මන්දා


ජීවිතයේ හොදම හරිය
අවුල් වෙලා යද්දී
තමා අතට තම අතවත්
සෙවනක් නැති වෙද්දී
විරිත්තන්ඩ දහස් ගනන්
මග බලාන ඉද්දී
නුඹට සැපක් දෝ
මේ ඇස් කදුලින් තෙත් වෙද්දී","මල් නටුවට පිණිබිදුවක්
බර වැඩි නැති හින්දා",Live forever with life partner,life partner,water on the flower
"ඈතින් ඈතට ඈතින් ඈතට",Chamara Weerasinghe,unknown,2010,Chamara Weerasinghe,"ඈතින් ඈතට ඈතින් ඈතට
ඈතින් ඈතට ගියා...
මා ලඟ තිවු සිත අරන් ගියා
සුවඳ වත් මා ලග‍ නොතියා
අමතක කරලන්නම් කියා ගියා..
අමතක කරලන්නම් කියා ගියා..

ඔය ඇස් අමතක වෙන්න නම්
මගේ ඇස් පිය වෙන්න වෙයි...//

සීතල වැහි බිංදු සේම කදුළු
කඩා හැලෙනවා නිමක් නොවේ
පොළව ඉහිලුවත් ඒ වැහි බිංදු
කදුළු ගලන්නට ඉඩ මදිලු

ඔය ඇස් අමතක වෙන්න නම්
මගේ ඇස් පිය වෙන්න වෙයි...//

ජීවිතයේ මඟ ම‍ට හරි නුහුරු
ඉර බටු තරුවයි මග පෑදූ
ඈතක ගිය තරුවක මා දැවටි
පැතුම් පතා වී මග තනිවී

ඔය ඇස් අමතක වෙන්න නම්
මගේ ඇස් පිය වෙන්න වෙයි...//","ඉර බටු තරුවයි මග පෑදූ
",pathfiner of life,pathfiner ,Venus
Wedi Warusa,Sandun Perera,Wedi Warusa,2019,Sajith V Chathuranga,"දිනෙක වරදින්නම ඕනේ..
දැනගන්න මිනිසුන් ලෝකේ..
කවුද හැබැහින් නැති දා මෙන්..
ආදරේ කියා..
ඔබට මා හොද මදි වූයේ
ආස කරනා වටින දේ..
ගෙන දෙන්න ඉල්ලන වේගෙන්
මට බැරි නිසා..

වෙඩි වරුසා ඇද හැලුනත්
මිය නොවෙන ප්‍රේමෙට මගේ..
බොරු කරලා කවදාවත්
සැනසෙන්න බෑ අන්තිමේ..//

මාගෙ දිවියේ කිසිම දිනයේ..
නොකල දේවල් හුඟක් කෙරුවේ..
ඔබ තබන්නයි මලක් වාගේ..
සුවඳ හමමින් රෑ දිවා..

කඳුලු හෙලලා හැමට වචනෙන්
නොකීවත් මා හඬ නගා..
ඔබව නොබලා ගෙවන මොහොතත්
කල්පයක් මෙන් දැනෙනවා..

වෙඩි වරුසා ඇද හැලුනත්...

විඩාබර වී අලුත් හෙවනේ
ඔබට මතු යම් දිනෙක ආයේ..
හොඳට තේරෙයි අඩුව මාගේ
අපේ පුරාණේ සිහිවෙලා..

කඳුලු හෙලලා හැමට වචනෙන්
නොකීවත් මා හඬ නගා..
ඔබව නොබලා ගෙවන මොහොතත්
කල්පයක් මෙන් දැනෙනවා..

වෙඩි වරුසා ඇද හැලුනත්...
",වෙඩි වරුසා,"Strong and resilient love for someone, and that it can withstand any challenges or obstacles that may come their way",Rain,Bullet
"Liyathambara
","Athma Liyanage",Liyathambara,2022,Rohana Jayasinghe,"ලියතඹරා.... මුදු කුසුමකී ඈ
තව්සන්ගේ.... දෑහෙනේ සම විදිනා
නෑ ලොකේ ජීවේ ඈයයි...
නෑ ලොකේ ජීවේ ඈයයි....//

මායාව මායාව  ලොව රවටනා
සිහිනයකි සිහිනයකි අදුරේ පාවෙනා
වීනාවේ තත් අතර මුදු ස්වරේ ඈයමයි
ම හදට රස ගෙනෙන මදූවිත ඈයයි

ලියතබරා.... //

මිරිගුවකි මිරිගුවකි අප රවටනා
දුර ඈත සිතිජයකි ඉම නොපෙනෙනා
නිල් නයන බිගු දෑලකිනෙත් සරය සුමුදුයි
මගෙ ජීවේ වෑලි කතරේ දිය බිද ඈයයි

ලියතබරා.... //",මුදු කුසුමකී ඈ,"Girl that is described is gentle, fragile, or sensitive",Girl,Delicate Flower
Radhawani,"Supun Perera",Mahamaya Memories of a Lifetime,2020,Chandrasena Thalangama,"නීල නුවන් සනසන්නම්
රාධාවණී, මා එන්නම්
වීණා සරින් නලවන්නම්
රාධාවණී, මා එන්නම්
මියුරු හඬින් මා වෙත ළං, ළං වෙන්නා
තුරුලු වෙලා මුව සිපගන්නම් මා
නුරාගිනීයේ
නේක අනන්තවු ගී ස්වර ගයන්නම්
දෙඅදර සඳ කැන් දහර ඉසින්නී
සොඳුරු සරාගී නෙත ලෙලවන්නී
රූබර රාධා, මා මන බන්ඳා
හැරදා යනු බෑ, මා ප්රිය රාධා
නීල නුවන් සනසන්නම්
රාධාවණී, මා එන්නම්
වීණා සරින් නලවන්නම්
රාධාවණී, මා එන්නම්
මියුරු හඬින් මා වෙත ළං, ළං වෙන්නා
තුරුලු වෙලා මුව සිපගන්නම් මා
නුරාගිනීයේ
නේක අනන්තවු ගී ස්වර ගයන්නම්
",නීල නුවන්,"calm, serene, or peaceful eyes of a girl",Eyes,Calmness
"රෝද හතරේ මාලිගාව",Asanga Priyamantha Peiris,unknown,2006,Asanga Priyamantha Peiris,"රෝද හතරේ මාලිගාව
කලුවර වීදුරු ගුහාව
රෝද හතරේ මාලිගාව
කලුවර වීදුරු ගුහාව
පිටුපස දූවිලි වලාව
පිටුපස දූවිලි වලාව
කැරකෙනවා...
අපි අයින් වෙලා
පයින් යමු පුතේ...
ඇතුල නුවරඑලිය වගේ
පිටතින් කළුවලා නැගේ
බාගෙට සිංහල බාගෙට
ඉංගීසිය මරන රගේ
ඉංගීසිය මරන රගේ
රෝද හතරේ මාලිගාව
කලුවර වීදුරු ගුහාව
රෝද හතරේ මාලිගාව
කලුවර වීදුරු ගුහාව
පිටුපස දූවිලි වලාව
පිටුපස දූවිලි වලාව
කැරකෙනවා...
අපි අයින් වෙලා
පයින් යමු පුතේ...
රන්පොටවල් දිලිසෙනවා
ළාදළු සේ බැබලෙනවා
චීස් බටර් වලින් තැනූ
දෙව් රූපය ඇවිදිනවා
රෝද හතරේ මාලිගාව
කලුවර වීදුරු ගුහාව
රෝද හතරේ මාලිගාව
කලුවර වීදුරු ගුහාව
පිටුපස දූවිලි වලාව
පිටුපස දූවිලි වලාව
කැරකෙනවා...
අපි අයින් වෙලා
පයින් යමු පුතේ.","රෝද හතරේ මාලිගාව
",car/ vehicle,car,palace
"අහසේ තරු කැන් නිවිලා දුකකින් වගේ",Ruwan & Raini,Mathakada Hendewe,2011,Nilar N. Casim,"අහසේ තරු කැන් නිවිලා දුකකින් වගේ
අඳුරේ හෑඬුවා රහසේ
තනිකම ඉහිලුම් නොදේ
ගිලුනා හද මා අඳුරේ
ඔබ පෙරදා ආදරේන් මා ලගින් උන් හැටී
එහි සැමරුම් රූ තමයි ජීවිතේ

මතකද හැන්දෑවේ අපි දෙන්නා මන්දාරම් අඳුරේ
දවසක් දා මල් වැස්සේ තෙමුනා
මතකද හැන්දෑවේ අපි දෙන්නා මන්දාරම් අඳුරේ
දවසක් දා මල් වැස්සේ තෙමුනා

තනිකම් දැනුනත් හිතට මතකය නැහැ නික්මිලා
මනරම් හැඟුම් දහස සොඳුරේ ඔබමයි සැමදා
ඔබ පෙරදා ආදරේන් මා ලගින් උන් හැටී
එහි සැමරුම් රූ තමයි ජීවිතේ

මතකද හැන්දෑවේ අපි දෙන්නා මන්දාරම් අඳුරේ
දවසක් දා මල් වැස්සේ තෙමුනා
මතකද හැන්දෑවේ අපි දෙන්නා මන්දාරම් අඳුරේ
දවසක් දා මල් වැස්සේ තෙමුනා

සුසුමේ වෙලී උණුසුම් වෙවී වස්සානයේ අප ළං වූ හැටී
හිරිමල් හිතේ හීනයක් වගේ හීනයක්ද ගීතයක්ද මේ ජීවිතේ
ඔබ පෙරදා ආදරේන් මා ලගින් උන් හැටී
එහි සැමරුම් රූ තමයි ජීවිතේ

මතකද හැන්දෑවේ අපි දෙන්නා මන්දාරම් අඳුරේ
දවසක් දා මල් වැස්සේ තෙමුනා
මතකද හැන්දෑවේ අපි දෙන්නා මන්දාරම් අඳුරේ
දවසක් දා මල් වැස්සේ තෙමුනා
මතකද හැන්දෑවේ අපි දෙන්නා මන්දාරම් අඳුරේ
දවසක් දා මල් වැස්සේ තෙමුනා
මතකද හැන්දෑවේ අපි දෙන්නා මන්දාරම් අඳුරේ
දවසක් දා මල් වැස්සේ තෙමුනා",මල් වැස්සේ තෙමුනා,get wet by small rain,rain drops,flowers
 චන්න කින්නරාවි,Bachi Susan,Channa Kinnaravi,2019,Pasan Liyanage,"ස්වේත මීදුම් ඉරා දෙනෙත් මඟ ඇහිරු
ජිවිතේ සීත සෘතුවේ ගිරි දුර්ග අතරින්
මා එක්ක එනවාද චන්න කින්නරාවි
මා එක්ක එනවාද චන්න කින්නරාවි
රළු පොළොව මතින් දිලෙනා
විඩාබර දිගු ගමනේ
මුදු සිනිදු දෙපා රිදෙනා
වේදනා සුසුම් අතරේ
ආදරේ ශේෂ වේවිද චන්න කින්නරාවි
මා එක්ක එනවාද චන්න කින්නරාවි
ස්වේත මීදුම් ඉරා දෙනෙත් මඟ ඇහිරු
ජිවිතේ සීත සෘතුවේ ගිරි දුර්ග අතරින්
මා එක්ක එනවාද චන්න කින්නරාවි
මා එක්ක එනවාද චන්න කින්නරාවි
සඳ නිවීගිය රාත්රියේ තාරකා ගොළුව ඝන අදුරේ
ළය මතින් වැතිරි සොඳුරු හීනයකට ඉඩ දී
හිනැහෙන්න පුළුවන්ද චන්න කින්නරාවි
හිනැහෙන්න පුළුවන්ද චන්න කින්නරාවි
හිනැහෙන්න පුළුවන්ද චන්න කින්නරාවි","තාරකා ගොළුව ඝන අදුරේ
",no stars in the sky,blank sky,deaf man
දකුණේ පිං ඇති පින් බිම,Chamara Weerasinghe,"Top Sinhala Songs, Vol. 08",2020,Rohana Weerasinghe,"දකුණේ පිං ඇති පින් බිම වැවුරුකන්නල
සමාවෙන්න විහාරයේ කඳුළු වැටුනට
මොර සූරන වැහි කටු එන කඳු ඉරාගෙන
කූඩුව ගං වතුරෙ ගියා පැටව් එක්කම
දකුණේ පිං ඇති පින් බිම වැවුරුකන්නල
සමාවෙන්න විහාරයේ කඳුළු වැටුනට
මොර සූරන වැහි කටු එන කඳු ඉරාගෙන
කූඩුව ගං වතුරෙ ගියා පැටව් එක්කම
අප්පච්චි කිය කිය මුළු දවස පුරාම
කතා කරපු හඬ ඇසේවි තාම ළඟ ළඟ
අනාගතේ මා දුටු සුබ නිමිති සේරම
මගෙන් උදුරගෙන ගං දිය ගියා මුහුදට
දකුණේ පිං ඇති පින් බිම වැවුරුකන්නල
සමාවෙන්න විහාරයේ කඳුළු වැටුනට
මොර සූරන වැහි කටු එන කඳු ඉරාගෙන
කූඩුව ගං වතුරෙ ගියා පැටව් එක්කම
පිහිට වෙලා බේරගන්න මගේ කූඩුව
පිං අරගත් දෙවියන්වත් උන්නේ නෑ ළඟ
සොඳුර සමඟ දරුවන් බිළිගත්තා වගේම
මාවත් බිළිගත්තා නම් දුකක් නෑ මට
දකුණේ පිං ඇති පින් බිම වැවුරුකන්නල
සමාවෙන්න විහාරයේ කඳුළු වැටුනට
මොර සූරන වැහි කටු එන කඳු ඉරාගෙන
කූඩුව ගං වතුරෙ ගියා පැටව් එක්කම
දකුණේ පිං ඇති පින් බිම වැවුරුකන්නල
සමාවෙන්න විහාරයේ කඳුළු වැටුනට
මොර සූරන වැහි කටු එන කඳු ඉරාගෙන
කූඩුව ගං වතුරෙ ගියා පැටව් එක්කම","කූඩුව ගං වතුරෙ ගියා පැටව් එක්කම
",House was destryoed by the flood,house,cage
Ma Prarthanawe,Supun Perera,NA,2022,Supun Perera,"ඔබ ගීයක් වී ආවේ වස්සාන කාලේ
හද මාරුතේ ගිනි නිවා
සිත සිහිලැල් වූ යාමේ රෑ තාරකාවේ
අපෙ ආදරේ එහි ලියා

මා ප්‍රාර්ථනාවේ ඈ දෑස දැල්වේ
ලැමැදේ මගේ ඈ හොවා
ඈ ප්‍රාර්ථනාවේ මා මුවඟ ගොලුවේ
දුරකින් දුකින් මා දවා

පෑ එදා ආලවන්තයේ සිනා
දෑසින් රහසින්ම යා වුණා
පෑ එදා ආලවන්තයේ
දෑසින් රහසින්ම යා වුණා
දිවුරා කියන්නම් ස්නේහේ නමින්
අරමුණ මගේ ඔබ වුණා

මා ප්‍රාර්ථනාවේ ඈ දෑස දැල්වේ
ලැමැදේ මගේ ඈ හොවා

රෑ පුරාම හීන පීරලා
නෑනේ තාම අපිව හමුවෙලා
හාදු එව්වේ සුලඟේ දවටලා

හංග හංග උන්නු කාරණා
නින්ද නේන රෑක එලිවුණා
ආපු දුරක මතකේ සිහිවුණා

පාර කියපු ගීතේ තනුව මා සදා වුණා

මා ප්‍රාර්ථනාවේ ඈ දෑස දැල්වේ
ලැමැදේ මගේ ඈ හොවා
ඈ ප්‍රාර්ථනාවේ මා මුවඟ ගොලුවේ
දුරකින් දුකින් මා දවා","ඔබ ගීයක් වී ආවේ
හද මාරුතේ ගිනි නිවා","You came into my life
Reduce emotional pain","Girl
Pain","Song
Fire"
Oba Gawa Mama Innemi,Sahan Chamikara,"Oba Gawa Mama Innemi",2016,Rookantha Gunathilaka,"ඔබ ගාව මම ඉන්නෙමි
සුසුමන් වගේ යාවෙවී
තනියේ තුරුල් වී මුමුණා සුපෙම් ගී
රෑ සීතලේ ළං වෙවී
තරුමල් කඩා දෙන්නෙමි //

මිණිසේ දිළෙන්නේ තරු සේ නිවෙන්නේ
ඔබගේ සිනා දෑස නේදෝ
නොසැලී තියෙන්නේ සසැලී නොයන්නේ
ඔබගේ මගේ ස්නේහෙ නේදෝ
සිත මාගෙ සනසන්නේ සරසන්නේ ඔබමයි ළඳේ
වෙන කවුරුවත් මාගේ තුරුළේ නිදන් නෑ ළඳේ

මතු ජීවිතේ දී මෙලොවින් තුරන් වී
ගුවනේ පියාඹන්න වේවි
අභ්‍යාවකාශේ ග්‍රහලෝක ගානේ
මිතුරන් සොයා යන්න වේවි
ඒ කාලෙදිත් මා පතන්නේ ඔයාවයි ළඳේ
දෙව් දූවරුන්ගෙන් අහන්නෙත් ඔයාවයි ළඳේ

ඔබ ගාව මම ඉන්නෙමි
සුසුමන් වගේ යාවෙවී
තනියේ තුරුල් වී මුමුණා සුපෙම් ගී
රෑ සීතලේ ළං වෙවී
තරුමල් කඩා දෙන්නෙමි //
",තරුමල්,"Something that is beautiful, radiant, or shining",Flower,Star
පරසතු කුසුමක්‌,Deepika Priyadarshan & Rohana Weerasinghe,පරසතු කුසුමක්‌,2012,Bandula Nanayakkarawasam,"පරසතු කුසුමක්‌ මා තුරුළට ආවා
ලෝකය මොහොතක්‌ නතර වුණා
දියණි දෙනෙත්‌ සැලුණා
අප යළිදු උපන්නා ඒ දියණි නිසා

උයන්‌ පුරා මල්‌ සුවඳ ඉසිනවා
රැවන්‌ වලාවන්‌ යහන සදනවා
ඇසින්‌ කඳුළු වී සතුට ගලනවා
සුරන්‌ සමඟ දූ කමරි නිදනවා.../ /

පරසතු කුසුමක්‌...

සවිදි සියළු යස ඉසුරැ කිරැළඑලා
නොවිඳි මහිම දියණිය ගගෙන එනවා
ලොවම එරෙහි වෙද ඒ දුක පිසදා
දියණි යළිදු අපගේ ලොව වෙනවා.../ /

පරසතු කුසුමක්‌...",පරසතු කුසුමක්‌,Daughter is soft as a flower when they are young,Flowers,Girls
"නිහඬ ගමනේ 
","Bachi Susan, Shanika Madumali",unknown,2013,Bachi Susan,"නිහඬ ගමනේ මේතරම් දුර
ඇවිද අපි එකවාගේ
මිහිරි මතකේ සැරිසරා ඔබ
නවාතැන් ගෙන දෑසේ

බඹර නාදේ ඇසෙන මානේ
රැඳෙනු මාගේ සුවඳ වාගේ...//

ප්‍රාර්තනා තවරා ආදරේ 

ඉන්න ඉඩදෙන්න තුරුලේ
හිනැහෙනා කල්පනා
ඔබ නිසයි ජීවිතේ

ඇගිලි තුඩු තදකර මගෙ නලලේ
සිබින සියුමැලි නුබෙ දෙතොලතරේ
ගැබුරු හද කැලබුව ඔය කදුලේ
රහස නොහැගේ මගෙම ළදුනේ

ආ....

දෑත් විදා ලමැදේ ආදරේ
දෙන්න විදගන්න රිසිසේ
නිමනොවේ කිසිදිනේ පෙම්පැතුම් මා හදේ

ලබන හැම ආත්මයම ඔබගේ
ළගම ඉන්නයි මම නම් පැතුවේ
පණට පණ දීම් දිවි කතරේ
නොයමි රහසේ රකිමි පනසේ

නිහඬ ගමනේ...","නිහඬ ගමනේ මේතරම් දුර
ඇවිද අපි එකවාගේ",sceret love went far by cheating someione,sceret love,silent joruney 
අයන්න කියන්න ලොවටම ඇහෙන්න,Nanada Malani,unknown,1998,Sunil Ariyarathne,අයන්න කියන්න ලොවටම ඇහෙන්න එන්න මගේ මල්ලී දුවන්න පනින්න නටන්න ගයන්න එන්න මගේ නංගී  පාසල නම් රන් දෙවොලේ දෙවියන් වන් ගුරු කැළගේ සිත දිනමින් පා සෙවණේ ශිල්ප ලබා මතු දවසේ ලෝකය දකින්න එහි සැරිසරන්නඑන්න මගේ මල්ලී එන්න මගේ නංගී අයන්න කියන්න ලොවටම ඇහෙන්න එන්න මගේ මල්ලී දුවන්න පනින්න නටන්න ගයන්න එන්න මගේ නංගී කාසි පනම් හිටි හැටියේ සතුරෝ ගෙන යති රහසේ පොතින් පතින් ලද දැණුමේ ධනය සදාකල් සුරැකේ ඥානය වඩන්න කාලය ගෙවන්න එන්න මගේ මල්ලී එන්න මගේ නංගී අයන්න කියන්න ලොවටම ඇහෙන්න එන්න මගේ මල්ලී දුවන්න පනින්න නටන්න ගයන්න එන්න මගේ නංගී එන්න මගේ මල්ලී එන්න මගේ නංගී,පාසල නම් රන් දෙවොලේ,School is very valuable plcae,School,Golden Temple
Sandawatha Ahasin,MG Dhanushka,None,2014,Saman Edirimuni,"සදවත අහසින් වැටිලා උන්නද මන්දා මිදුලේ
නොකියම ඔය හිත උදුරන් 
යන්නට හිතුනා කෙල්ලේ
තනි වූ වෙලාවක ඔබ මගේ ලග ඉන්න මා
 හැරදා නොයා...
පපුවේ තියා හිස ඉල්ලුවොත් හිත දෙනව මං
 නොමිලෙම ලියා...

මගේ පාළු ජීවිතේ තනියට තනිකම රැදුණේ
ඔය නුහුරු නෙතු බැල්මේ හුරු හිතවත්කම තිබුණේ 
තනි වූ වෙලාවක ඔබ මගේ ලග ඉන්න මා
 හැරදා නොයා...
පපුවේ තියා හිස ඉල්ලුවොත් හිත දෙනව මං
 නොමිලෙම ලියා...

දිගු නීල ඇස් රහසේ ඉගලෙයි නොපෙනෙන මානේ
මගේ හීන මට ඕනේ කවදද ඔබ මගේ වෙන්නේ
තනි වූ වෙලාවක ඔබ මගේ ලග ඉන්න මා
 හැරදා නොයා...
පපුවේ තියා හිස ඉල්ලුවොත් හිත දෙනව මං
 නොමිලෙම ලියා...

සදවත අහසින් වැටිලා......
",සදවත,"A face that is very beautiful or radiant, as if it were the moon falling from the sky",Face,Moon
Sandawatha Ahasin,MG Dhanushka,None,2014,Saman Edirimuni,"සදවත අහසින් වැටිලා උන්නද මන්දා මිදුලේ
නොකියම ඔය හිත උදුරන් 
යන්නට හිතුනා කෙල්ලේ
තනි වූ වෙලාවක ඔබ මගේ ලග ඉන්න මා
 හැරදා නොයා...
පපුවේ තියා හිස ඉල්ලුවොත් හිත දෙනව මං
 නොමිලෙම ලියා...

මගේ පාළු ජීවිතේ තනියට තනිකම රැදුණේ
ඔය නුහුරු නෙතු බැල්මේ හුරු හිතවත්කම තිබුණේ 
තනි වූ වෙලාවක ඔබ මගේ ලග ඉන්න මා
 හැරදා නොයා...
පපුවේ තියා හිස ඉල්ලුවොත් හිත දෙනව මං
 නොමිලෙම ලියා...

දිගු නීල ඇස් රහසේ ඉගලෙයි නොපෙනෙන මානේ
මගේ හීන මට ඕනේ කවදද ඔබ මගේ වෙන්නේ
තනි වූ වෙලාවක ඔබ මගේ ලග ඉන්න මා
 හැරදා නොයා...
පපුවේ තියා හිස ඉල්ලුවොත් හිත දෙනව මං
 නොමිලෙම ලියා...

සදවත අහසින් වැටිලා......
",සදවත,"A face that is very beautiful or radiant, as if it were the moon falling from the sky",Face,Moon
දියවන්නා කුමාරියේ,Naada,Diyawanna Kumariye (Acoustic),2022,Naada,"දියවන්නා කුමාරියේ
නුඹ නිදනා නිසොල්මනේ
දෙරණට සඳ පළුව එබෙනවා...

හීන පේන සීනි බෝල

තක්ෂිලාව වට කරලා
මගේ පුතා අකුරු කරනවා...


සුවට නිදන්නේ.. සිතුවිලි යහනේ..
වාමනයින් පවන් සලනවා...
හෝ හෝ හෝ..
හෝ හෝ හෝ..
නුඹව රකිනවා.....

හුස්ම බෙදන රූස්ස ගස්

යාය පිටින් කාසිවෙලා
ඉඩෝරයට හේතු හොයනවා...

දළ දිලිසෙන හස්ති රජුන්
හෙමින් හෙමින් නිදි කරලා
ස්වර්ගයට යන්න හදනවා...


සුවට නිදන්නේ.. සිතුවිලි යහනේ
වාමනයින් පවන් සලනවා...
හෝ හෝ හෝ..
හෝ හෝ හෝ..
නුඹව රකිනවා...


පත්තිනියේ නුඹ නාඩන්
ඇය එතෙරක කාසි සොයයි
ඒ කාසිය රජුන් තනනවා...


රේණු තලා මල්ද තලා
තෙල් මල් ගෙන දෝත දරා
නිවන් යන්න පාර අහනවා...


සුවට නිදන්නේ.. සිතුවිලි යහනේ..
වාමනයින් පවන් සලනවා..
හෝ හෝ හෝ..
හෝ හෝ හෝ..
නුඹව රකිනවා...","හීන පේන සීනි බෝල
",drugs,drugs,sweets
කවිය ඔබ,Deepika Priyadarshani,කවිය ඔබ,1990,Sunil R. Gamage,"කවිය ඔබ
තුන් තිස් පැයක් නිදි වරා වෙහෙසී
සිත දෙගිඩියාවෙන් තවම නොලියූ
කවිය ඔබ කවිය ඔබ

පද එකින් එක ලියවා
සිත කුරුටු ගා මැකුවා
ඔබ ලියූ කවි කියවා
මං අසරණව උන්නා
යෞවනේ...
තනිකමක් දැනෙනා මොහොතක
සිත ඉකි ගසා හැඩුවා

කවිය ඔබ...

හොර ඇහින් ඉගි කරලා
සද මගෙන් සමු ගත්තා
කවිපොතම පොඩි කරදා
නිදියන්න මට හිතුනා
යෞවනේ...
අත ලහින් හිදිනා මොහොතක
දුර ඈත බව දැනුනා

කවිය ඔබ...",කවිය ඔබ,You are the poem of my life,Poem,Girls
පුර පෝය හඳට,Sunil Edirisinghe,පුර පෝය හඳට,1991,Sunil R. Gamage,"පුර පෝය හඳට පෙමින් බැඳුනු තාරකා ලඳුන්
ගී හඬින් කියන පෙම් කතාව අසාගෙන වරෙන්
නීල වළාවෙි..ඇගෙ පෙම් කතාව අසාගෙන වරෙන්...//

මුතු මාල පොටක් ගෙලේ බඳින දා
සිත කෝල සිතුම් එබී බලන දා
රෑ නින්ද නැතිව හීන දුටුව දා
හිත ආදරයක බැඳුනිද මන්දා

පුර පෝය හඳට...

රන් තොරණ බැඳී මග සරසන දා
හද රබන් සුරල් හඬින් වැයෙන දා
නෑ හිත මිතුරන් සිනා පුරන දා
හිත ආදරයක බැඳුනිද මන්දා

පුර පෝය හඳට...",තාරකා ලඳුන්,Stars which are in love with the full moon,Girls,Stars
Loka Sithiyama,"Methun SK, Dhanith Sri, Naadha Gama, Senanga Dissanayake",Loka Sithiyama,2022,Methun SK,"ලොක සිතියම තට්ට තනියම පීරුවා මම ඇත්ත හොය හොය
ලෝකේ කෙලවර දන්නේ නැතුවම පෙරලුනා ලෝකාන්තකට

වර්ගයා නසාගෙන,
ස්වර්ගයා හොයා යන
මුර්ගයන් ඉන්න ලොකෙක,
සොයනවා අපි වසන්තය

වේදනා දැකලා ,හේතුවක් සොයලා,
වේදනා නැති ලෝකෙක මං සොයා යනවා

වේදනා දැකලා ,හේතුවක් සොයලා,
වේදනා නැති ලෝකෙක මං සොයා යනවා

මල් නෙලාගෙන තුට්ටු දෙක තුන සොයනවා රෑ කෑම වේලට,
පහු කරන් යන වන්දනා නඩ සොයනවා සුව ආද්‍යාත්මික

ප්‍රාන්තේඇති වේදනාවට
අනන්තේ දුර යන්නේ මොකටද
වසන්තේ අග මල් පිපෙනකන් නිරන්තරයේ දුක් විඳින්නද?

වේදනා දැකලා ,හේතුවක් සොයලා,
වේදනා නැති ලෝකෙක මං සොයා යනවා
වේදනා දැකලා ,හේතුවක් සොයලා,
වේදනා නැති ලෝකෙක මං සොයා යනවා
වේදනා දැකලා ,හේතුවක් සොයලා,
වේදනා නැති ලෝකෙක මං සොයා යනවා
වේදනා දැකලා ,හේතුවක් සොයලා,
වේදනා නැති ලෝකෙක මං සොයා යනවා

කරගහන් එන හේතු ඓල ටික,
ගෙවනවා තව එකතු කරගෙන.",සොයනවා අපි වසන්තය,We are looking for a good life,Good life,Spring
ඔබ අසා සිටි නම්,Nelu Adhikari,සයුරේ රළ සේ,2002,Mahinda Dissanayake,"ඔබ අසා සිටි නම්, මම මෙසේ කියන්නම්
මගෙ හිතෙ ඔබට තිබෙන ආදරේ තරම්

ඔබ අසා සිටි නම්, මම මෙසේ කියන්නම්
මගෙ හිතෙ ඔබට තිබෙන ආදරේ තරම්

අපාර මහ සාගරේ
අපාර මහ සාගරේ නැගෙන රැලි තරම්
ඔබට තිබෙන ආදරේ
ප්‍රියේ ඒ තරම්

ඔබ අසා සිටි නම්...

අපරිමාණ අම්බරේ
අපරිමාණ අම්බරේ දිලෙන තරු තරම්
ඔබට තිබෙන ආදරේ
ප්‍රියේ ඒ තරම්

ඔබ අසා සිටි නම්...

වනන්තරේ නිරන්තරේ
වනන්තරේ නිරන්තරේ පිපෙන මල් තරම්
ඔබට තිබෙන ආදරේ
ප්‍රියේ ඒ තරම්

ඔබ අසා සිටි නම්, මම මෙසේ කියන්නම්...//",අපාර මහ සාගරේ නැගෙන රැලි තරම්,My love for you is like the waves in the vast ocean,Ocean,Love
"ආදරයේ පාවෙන හැඟුමක්",Pradeep Rangana,Pem Sihine,2014,Pradeep Rangana,"ආදරයේ පාවෙන හැඟුමක්
ජීවිතයක් සෙව්වා
ආදරයේ පාවෙන හැඟුමක්
ජීවිතයක් සෙව්වා
පුරාණේ මගේ වූ ඔබේ ආදරේ
මිරිඟුවක් තනිකමක් විතරමයි
පෙම් සිහිනේ... සිත සැනසූ සේයාවි
ඔබ මාගේ සිත රැවටූ මායාවී
පෙම් සිහිනේ... සිත සැනසූ සේයාවි
ඔබ මාගේ සිත රැවටූ මායාවී
මා ළඟින් ලංවෙලා - ඔබ එදා කී කතා
මගෙ දිළිඳු ලෝකෙ මාළිඟාවක් කළා
ඒ තැනූ මාළිඟා - සුන්වෙලා ගිය දිනේ
අඬන්න කඳුළු ඉතිරි නොකර යන්න ඔබ කියා
පෙම් සිහිනේ... සිත සැනසූ සේයාවි
ඔබ මාගේ සිත රැවටූ මායාවී
පෙම් සිහිනේ... සිත සැනසූ සේයාවි
ඔබ මාගේ සිත රැවටූ මායාවී
වස්සානයේ තනිවෙලා - තුරුළු වී උණුසුමේ
දෑඟිල්ලේ පැටලී උන් සැඳෑව සුන්දරයි
නුඹ මගේ හැම භවේ - දිව්රලා සෙනෙහසින්
කී කතාව මාගෙ ලෝකෙ තනිවෙලා ගියා
පෙම් සිහිනේ... සිත සැනසූ සේයාවී
ඔබ මාගේ සිත රැවටූ මායාවී
පෙම් සිහිනේ... සිත සැනසූ සේයාවී
ඔබ මාගේ සිත රැවටූ මායාවී","මගෙ දිළිඳු ලෝකෙ මාළිඟාවක් කළා",Made my poor life rich,rich life,palace
Prakampitha,Supun Perera,NA,2020,Shehan Galahitiyawa,"ප්‍රකම්පිත චිත්තා ශක්තිනී  
අකම්පිත මාතා භක්තිනී
මන සාර චිත්තාකර්ශනී 
ධරක ප්‍රේමිණී...

අග්නි වර්ශා දිවිය අවුරා 
පුරා සඳ විලසින් පැහැදුල් මන නොසැලේ 
සලිත නොවෙමින් මනසින් පවා 
සරතැස දරයි මන ගැඹුරේ 

සුසුම් උහුලා රිදුම් ඉවසා 
දරා ළය පතුලින් දිවි ගිම් දිවිකතරේ
අචල හැඟුමින් පියවර තබා 
විදසුන් වඩයි දිවි මාරුතේ 

ප්‍රකම්පිත චිත්තා ශක්තිනී  
අකම්පිත මාතා භක්තිනී
මන සාර චිත්තාකර්ශනී 
ධරක ප්‍රේමිණී 
ධරණී ...",දිවි මාරුතේ,Journey of life,Life,Road
පුන්සද රෑට,Nirosha Virajini,පුන්සද රෑට,2006,Rathna Sri Wijesinghe,"පුන්සඳ රෑට ඇවිදින් හේනේ කළුව බිඳ..
රන්කෙදි සේම රන්වන් ඉරිගු ඉඹිනවාද..
තුන්යම හීන දැක දැක මොටදැයි ගෙදර ඉද..
රන්කද තාම පැල් රකිනවාදෝ නිදි නැතිව..
නිල් තරු රෑන ඉඟි බිඟි පාන අහස යට..
පිල්කඩ උඩම ඇලවී ඉන්න හිතයි මට..
මී අඹ කන්න ගිරවුනි එන්න එපා හෙට..
මල් පිපුනාට ගෙඩි නෑ තාම අඹ ගහට...
රන් කඳ සේම පින්සර මාගේ ඇතු නිදන..
රන් මල් යාන හීනෙන් දකින පින පමණ..
තුන්පත් රෑන වේදෝ කොහොම අප දෙදෙන..
රන් කැටි පුතුට ඉඩ මදි වාද මගෙ යහන...",රන්කද,Husband is a very valuable person,Gold Statue,Husband
"පායා ආ සඳ අඳුරු වළාවෙන්
මා ඉදිරියෙදිම වැසුනා",Milton Mallawaarachchi,Milton Pranama,1996,Milton Mallawaarachchi,"පායා ආ සඳ අඳුරු වළාවෙන්
මා ඉදිරියෙදිම වැසුනා
සෝකය තාපය පාළුව අතරේ
ඉකිබිඳ හැඬුවා ඇසුණා
පායා ආ සඳ අඳුරු වළාවෙන්
මා ඉදිරියෙදිම වැසුනා
හද විමනේ බිතු සිතුවම්
කිලිටි කළේ ඔබෙ දෑතයි
කිලිටි කළේ ඔබෙ දෑතයි
නොපැතු වියෝගයෙ මහ වරුසාවෙන්
දෑත දෙපය මගෙ සීතයි
දෑත දෙපය මගෙ සීතයි
පායා ආ සඳ අඳුරු වළාවෙන්
මා ඉදිරියෙදිම වැසුනා
ඔබ පැමිණී ඔබම ගියා
නැවතුණ තැන මම ඉන්නම්
නැවතුණ තැන මම ඉන්නම
මගෙ සහයෝගය පතන වෙලාවේ
කොහි සිට හෝ යළි එන්නම්
කොහි සිට හෝ යළි එන්නම්
පායා ආ සඳ අඳුරු වළාවෙන්
මා ඉදිරියෙදිම වැසුනා
සෝකය තාපය පාළුව අතරේ
ඉකිබිඳ හැඬුවා ඇසුණා
පායා ආ සඳ අඳුරු වළාවෙන්
මා ඉදිරියෙදිම වැසුනා","පායා ආ සඳ අඳුරු වළාවෙන්
මා ඉදිරියෙදිම වැසුනා",Beak  strong faith infront of someone,faith,rising moon
Sandawathiye,"Charitha Attalage, Ridma Weerawardena",Dura Akahe Master Collection by Charitha Attalage,2017,Nandana Wickramage,"සදවතියේ…
ඔබ මගේම යයි කියා..ලා…
මං අහස බලා උන්නා…
අහස බලා උන්නා…

ඇසිපිය හෙලනා…
ඒ සුලු මොහොතේ පවා…මා…
වළාකුලට ඔබ මුවා වෙලා…
ඇයි මගේ සදවතියේ…

සදවතියේ…
ඔබ මගේම යයි කියා..ලා…
මං අහස බලා උන්නා…
අහස බලා උන්නා…
ඇසිපිය හෙලනා…
ඒ සුලු මොහොතේ පවා…මා…
වළාකුලට ඔබ මුවා වෙලා…
ඇයි මගේ සදවතියේ…

රැදෙන්නෑ…මා… නෙත් මානයේ…
නිවෙන්නේ…ඇයි මේ යාමයේ…
මා… රිදවනු ඇයි…
මා… හඩවනූ ඇයී…
සදවතියේ ඇයි මා… තනිකෙරුවේ…

සදවතියේ…
ඔබ මගේම යයි කියා..ලා…
මං අහස බලා උන්නා…
අහස බලා…

ඇසිපිය හෙලනා…
ඒ සුලු මොහොතේ පවා…මා…
වළාකුලට ඔබ මුවා වෙලා…
ඇයි මගේ සද…වතියේ…….",සඳවතියේ ඔබ මගේමයයි කියාලා,You lighten up my life when dark,Girl,Moon
මියුරු පෙම් මදිරාවේ,Ranil Mallawarachchi,Samanala Renak Se,2007,unknown,"මියුරු පෙම් මදිරාවේ
නුහුරු රස දැනුනාවේ
සත්සරේ... රැව් දිදී
පුරවන්න මා දෙසවන් මිහිරේ
දෙතොල් පෙති පුබුදාලා
පියුම් පැහැ විහිදාලා
දෙනෙතෙහී නිල්මිණී
ලෙළවන්න මා නලවා සොඳුරේ
මියුරු පෙම් මදිරාවේ
හසරැල් අමාදියේ, තිසරුන් තෙමී ගියේ
හසරැල් අමාදියේ, තිසරුන් තෙමී ගියේ
රන්වන් ලතාවෙන් ඉන්න ලංවී
සුදේහිනියේ දිවා රැයේ
මියුරු පෙම් මදිරාවේ
නුහුරු රස දැනුනාවේ
සත්සරේ... රැව් දිදී
පුරවන්න මා දෙසවන් මිහිරේ
මියුරු පෙම් මදිරාවේ
කඳු හෙල් මැදින් ඇදී, එමි ආදරේ සොයා
කඳු හෙල් මැදින් ඇදී, එමි ආදරේ සොයා
සිහිනෙන් පැතූ සේ වස්තුවක් දැන්
තියේ හිමිවී මගේ කියා
දෙතොල් පෙති පුබුදාලා
පියුම් පැහැ විහිදාලා
දෙනෙතෙහී නිල්මිණී
ලෙළවන්න මා නලවා සොඳුරේ
මියුරු පෙම් මදිරාවේ
නුහුරු රස දැනුනාවේ
සත්සරේ... රැව් දිදී
පුරවන්න මා දෙසවන් මිහිරේ
මියුරු පෙම් මදිරාවේ","දෙනෙතෙහී නිල්මිණී",bule eyes,eye,blue gem
දුවේ නුඹ මගෙ,Sunil Edirisinghe,දුවේ නුඹ මගෙ,1992,Bandara Eheliyagoda,"දුවේ නුඹ මගෙ ප්‍රාණයයි
සැබෑ වුණ සුබ සිහිනයයි
සෙනෙහසින් කුලගෙට පියනගන්නේ
සනුහරේ අභිමානයයි //

මං මලක් ලෙස නුඹ නොහැදුවේ
පෙති හැලී පරවෙන නිසාමයි
දුක දිනා හිනැහෙන හැටි දුවේ
නුඹ දැන උගත් පාඩම තමයි
මිල මුදල නිල බල යා නොදෙයි //
කළ හොඳම විතරක් ඉතිරිවෙයි //

දුවේ නුඹ මගෙ...

අප මී මුතුන් මිත්තන් එදා
සිය ලේ කඳුළු දහදිය පුදා
පරපුරෙන් පරපුරට රැගෙන ආ
ඒ ගෞරවය මගෙ දුව තමා
නුඹ යන්නෙ හිස් දෑතින් නොවේ //
ගෙනියන්නෙ ඒ අභිමානයයි //

දුවේ නුඹ මගෙ...",දුවේ නුඹ මගෙ ප්‍රාණයයි,A Daughter is the life of a father,Life,Girls
අම්මා කියලා ,Jude Rogans,unkmown,2016,Dilan Gamage,"අම්මා කියලා බහ තෝරනා
වයසේ ඉදලා නැතුවම බැරි උනා
ගන්නා හුස්මන් පවා නැලවිලි ගීයක් උනා...
මග හැරුනාද අම්මාව පෙම් කරනදා මා පෙම් කරනදා..

හිමාලෙට වඩානේ ඔබ පෙම් කරානේ
මහමෙර තරමට දරු දුක දරා..

ජාතිත් ඔබයිනේ..
සසරෙම පතන්නේ..
හැම බවයේ එනු මාගෙ අම්මා වෙලා..

අනුකම්පා කරලා දෙන්න පුතාට සමා..
වෙනසක් නොකරමි මා මගෙ අම්මාට සසරෙ පුරා..
අම්මෙ ඔබ වාගෙ කව්රුත් ම නෑ හමුවෙලා..
මට නෑ හමු වෙලා..

අම්මා කියලා //...",හුස්මන් පවා නැලවිලි ගීයක් උනා,Every words of mother is lovely,mother's words,poems
Kollane Yan,"Dhanith Sri, Gehan Blok, Dino Corera",NA,2021,"Dhanith Sri, Gehan Blok, Dino Corera","ජය ටැබ කරා
අබිමන් දරා
එක හදවතින්
පියමන් තියා
අපි ඉදිරියටම යමු දැන්

කොල්ලනේ
ප්ලාස්ටික් බෝතල් විසි කරන්නෙපා

පැරදුම ඇතී
දිනුමක් නැතී
රෙදි නැති අතීතයට තිත තියා

අපි ඉදිරියටම යමු දැන්
කොල්ලනේ

ප්ලාස්ටික් ස්ටෝස් බිම දාන්නෙපා

පන්දු යවන්න පොලු ගැලවෙන්න
හෙට සිට යං ජය අරගන්න
පවතින්නැති ජය පැරදුම එකයි
කීවට

ඉඩක් නෑ දැන් නම් පරදින්න
මේ යං
ඉදිරියටම යං
ඒකාලේ වගේ ආයේ නම්බර් 1
වෙනකල් ඉගිලෙන්න

තටු නැතුවට අපේ කොල්ලොන්ට
බෝලෙයි බැට් එකයි ඇති මේ ලෝකේ ජයගන්න

හරි දනිත් ඇති
ප්ලාස්ටික් ගැන කතා කරමු අපි
යන යන තැන ප්ලාස්ටික් විසි කරන
ජරා ගති
කුනු බාල්දිය පෙනි පෙනි බිම දාන සක්කිලි

අම්මා ගහයි බැට් එකෙන්
මෙහෙම ගියොත් තොපි
කොල ඉදුල් ප්ලාස්ටික් එකට මික්ස් කරන කොට
ඒවා එකතු වෙන්නේ මේ මහ පොලවට

වතුරට ඇල දොල ගං මුහුදට
මෙහෙම ගියොත් ප්ලාස්ටික්මයි කන්න වෙන්නේ තොට

ජය ටැබ කරා
අබිමන් දරා
එක හදවතින්
පියමන් තියා
අපි ඉදිරියටම යමු දැන්

යෝගට් කාල හැදි කප් වෙරලට දාන්නෙපා

පැරදුම ඇතී
දිනුමක් නැතී
රෙදි නැති අතීතයට තිත තියා

අපි ඉදිරියටම යමු දැන්
කොල්ලනේ

කොන්ඩම්ස් හොදයි හැබැයි ඒවා
විසිකරන්න එපා

මුලු ලෝකෙත් එක්ක කරට කර
සිංහයෝ රග දෙනවා පිටිය මැද
2022 අද ජය කනුව ලග
සිංහ කොඩිය ගහනවා අනිවාර්‍යෙන්ම
මොකද
ශ්‍රී ලංකන් කොල්ලෝ හරිම වසයි
යකඩ බෝල 2 3 4 පලයි
එක පිට එක බැට කෑවත් ඊයේ ලමයි
අඩියෙන් අඩිය තියලා හරි නැගිටිනවා මයි

ආයුබෝවන් සියලුම
ක්‍රිකට් ෆෑන්ස් ලට
අපි ආදරෙයි ජෙන්ඩ්ල්මන්ස් ක්‍රීඩාව
අතීතයේ ප්‍රොඋඩ මතක් වෙනවා නේ තාමත්
ආයේත් තියමු එක අකුරක් නෑරම

ටීම් එක ඇති
ජර්සිය ගැන කතා කරමු අපි
රීසයිකල්ඩ් ප්ලාස්ටික් වලින් මහලා පට්ට ගති
බෝතල් 30000ක් පොලිඑස්ටර් කලා පටි

එහෙම තමයි ගැහුවේ ගේම
හිතට ගොඩක් හතී
වෙනස් වෙන්න ඕන කියලා
වෙනස වෙමූ අපි

මදර් නේචර්ට මල පැන්නොත්
කන්න වෙන්නේ ටොපි
ප්ලාස්ටික් ඇති
ටීම් එකට සප් එක දෙමු අපි
මෙන්න දුන්නා බැට් එක ගහපහං
දනිත් සිරි

ශ්‍රී නොට් සිරි
අම්මටසිරි සොරි

කොල්ලනේ යං
ඒකාලේ වගේ අයෙමත් නම්බර් 1 වෙනකන්
ප්ලාස්ටික් පාවිච්චි කරන්නේපා
වර්ල්ඩ් කප් එක දිනන්න
හැබයි ප්ලාස්ටික් පාවිච්චි කරන්නෙපා

ජය ටැබ කරා
අබිමන් දරා
එක හදවතින්
පියමන් තියා
අපි ඉදිරියටම යමු දැන්
කොල්ලනේ

පැරදුම ඇතී
දිනුමක් නැතී
රෙදි නැති අතීතයට තිත තියා

අපි ඉදිරියටම යමු දැන්
කොල්ලනේ",රෙදි නැති අතීතයට තිත තියා,Put an end to the embarassing past,Embarassment,Lack of clothing
අම්මා සඳකි,T. M. Jayarathna,සොඳුරු අතීතයෙ,2011,Malani Jayarathna,"අම්මා සඳකි මම ඒ ලොව හිරුය රිදී
ඒ ඉර හදෙන් නුඹෙ ලෝකය එළිය වුනි
රැකුමට පුතුන් දිවියේ දුක් ගැහැට විදී
පිය සෙනෙහසට කව් ගී ලියැවුනා මදී

සිරුරේ දුවන්නේ මගෙ ලේ නොවැ පුතුනේ
කුසයේ නොදැරුවත් දිවි බර මට රැදුනේ
මහ මෙරකට උසයි දරු පෙම හදපතුලේ
පුදුමයි පුතුනි කිම මගෙ ලේ කිරි නොවුනේ

මවකට මුවාවී නුඹවෙත දිවි දුන්නේ
මම වෙමි පුතුනි එය මා පමණයි දන්නේ
පියසෙනෙහස නැතිද දරුවනි හදුනන්නේ
අම්මාවරුන් පමණද මතු බුදු වන්නේ",අම්මා සඳකි,Mother is beloved and soft-hearted,Moon,Mothers
Paya Ena Sandawatha,Bathiya and Santhush,Neththara,2005,"Wasantha Dukgannarala
","පායා එන සඳවත මනරම්
තනිකමත් බෝම සීතයි
වාවාගෙන මහමෙරක තරම්
උණුසුමකින් තුරුළු වෙමි
දිවිය පුරා ලඟ හිඳ...
මා හා සංසාරේ වෙළෙනා
පිනි බිඳක් සේම පායයි
උණුසුමකින් තුරුළු වෙමි
සසර පුරා ලඟ ඉඳිමි
නොහඩනා දිනක් නොතිබුනාද මන්දා
ඔබ පෙම් හසුනක ලියනා
පෙම් කවි කීවෙමි මුමුණා
මඟ බලා හිදී නම්
පායා එන සඳවතක තරම්
තනිකමත් බෝම සීතයි
වාවාගෙන මහමෙරක් තරම්
උණුසුමකින් තුරුළු වෙමි
දිවිය පුරා ලඟ හිඳ
මා හා සංසාරේ වෙළෙනා
පිනි බිඳක් සේම පායයි
උණුසුමකින් තුරුළු වෙමි
සසර පුරා ලඟ ඉඳිමි
නොසැලෙනා සිතින් නෙලාගන්න තිබෙනා
නෙතු අද්දර මල් පිපෙනා
හැර යන්නට සිත නෙදෙනා
අපි අපේම වේ නම්
පායා එන සඳ සිසිල අරන්
මා හා ඉඳ ගං ඉවුර ලඟින්
උණුසුමකින් තුරුළු වෙමි
දිවිය පුරා ලඟ හිඳ
මා හා සංසාරේ වෙළෙනා
පිනි බිඳක් සේම පායයි
උණුසුමකින් තුරුළු වෙමි
සසර පුරා ලඟ ඉඳිමි",පායා එන සඳවත මනරම්,Face which is like the rising moon is beautiful,Face,Moon
"Ahasin Eha",Kasun Kalhara,"Adaraneeya Kathawak
",2016,Nilar N. Cassim,"අහසින් එහා
තරු මං දිගේ
පියඹන්න දැන්
විහඟෙකු ලෙසින්
අහසින් එහා
සිහිනය දිගේ
පියඹන්න නම්
ආසයි ඉතිං
හිත කළඹමින්
හැඟුමන් එබී
ඔච්චම් කළේ
කවදාක හෝ
නොදැනුණු ලෙසින්
හද ගී පොතේ
සත්සර නැගී
ඒ ආදරේ
සිතුවිලි කුසුම්
විකසිත වෙමින්
මකරන්ද සුවඳින් පිරේ
ඔබගේ හඬින්
විවරණ අරන්
ජීවිතය ගීයක් වුනේ
දවසක උතුම්
කිරුළක් දරන්
ඔබ එන්න රැජිනක් ලෙසින්
හිත කළඹමින්
හැඟුමන් එබී
ඔච්චම් කළේ
කවදාක හෝ
නොදැනුණු ලෙසින්
අහසින් එහා
තරු මං දිගේ
පියඹන්න දැන්
විහඟෙකු ලෙසින්
අහසින් එහා
සිහිනය දිගේ
පියඹන්න නම්
ආසයි ඉතිං
හිත කළඹමින්
හැඟුමන් එබී
ඔච්චම් කළේ
කවදාක හෝ
නොදැනුණු ලෙසින්
හද ගී පොතේ
සත්සර නැගී
ඒ ආදරේ",සිතුවිලි කුසුම්,"Thoughts or ideas that are beautiful, delicate, or refined",Thought,Flower
Datha dara,"Ridma Weerawardane, Dhanith Sri, Methun SK, Supun Perera, Dinesh Gamage, Dinupa Kodagoda",Datha Dara,2020,Nisal Gamage,"දෑත දරා ඇවිදින් ආදරයෙන්
මා වෙනුවෙන් හිඳිනා අයුරු
මිදෙමි දැහැනෙන් හැඟුමන් පාමුල
සිත් වාරු බිඳෙයි ඔබ ළඟ මියුරු
සේද වලා අතුරාලා සඳ පායා
ඇති රෑ තුරුලේ ගෙවමු
මා පැතු ඒ යුග නෙත් ආදර හිත්
ආදරයෙන් හමුවීමයි හිමි වූ
මනහාරී නුරාවී නෙතු මානේ සිනාසී
තව ළං වී පෙමින් දම් ගොතමි
ගිම්හානේ තුහීන ගේනා
ඔබෙන් මා නිවෙමි සදා කල් හිඳිමි
තරු යායේ පුරා හඳ මාගේ
වලාවකින් මාගේ ආලේ ලියමි
සේද වලා අතුරාලා සඳ පායා
ඇති රෑ තුරුලේ ගෙවමු
මා පැතු ඒ යුග නෙත් ආදර හිත්
ආදරයෙන් හමුවීමයි හිමි වූ
දෑත දරා ඇවිදින් ආදරයෙන්
මා වෙනුවෙන් හිඳිනා අයුරු
මිදෙමි දැහැනෙන් හැඟුමන් පාමුල
සිත් වාරු බිඳෙයි ඔබ ළඟ මියුරු",ගිම්ගානේ තුහීන ගෙනා ඔබෙන් මා නිවෙමී,Your love relaxes me and cools me,Relaxation from love,Change of Summer to Winter
මල් මිටක් තියන්න,Kasun Kalhara,Dell studio,2019,Praba Rajaguru,"මල් මිටක් තියන්න ඔබ අතේ
මට කියා කොයින්ද මල් වනේ
ජීවිතේ විසල් නදී තෙරේ
තුරු හිසත් මලත් ඔබයි මගේ

සොදුරු කවි ලියාන හිත් කොනේ
තාරුකා වහින රාත්‍රියේ
ගෙල වටේ ගිලී හමා ඇදි නළරැළී
ඔබයි මගේ

තුරුලතා පවා දුකෙන් වගේ
අතවනා සොයන්නෙ ඔබ කොහේ
හැන්දෑව වගේ සෞම්‍ය වී නිදා ඉන්න
මගේ හදේ.",ජීවිතේ විසල් නදී තෙරේ,life is like a big river,life,river
අහසයි ඔබ මට,Sunil Edirisinghe,අහසයි ඔබ මට,2005,Bandula Nanayakkarawasam,"අහසයි ඔබ මට නිම් හිම් නොපෙනෙන
ඉණිමං බඳිනු බැරී
පොළොවයි ඔබ මට
තරුවක් විලසට රෑකල පතිත වෙමි
අහසයි ඔබ මට නිම් හිම් නොපෙනෙන
ඉණිමං බඳිනු බැරී
පොළොවයි ඔබ මට
තරුවක් විලසට රෑකල පතිත වෙමි
ගඟේ වතුර නෑ ඉහලට ගලා ගියේ
අසිනි හඬින් නෑ කඳු බිම් සසල උනේ
ගඟ කවදා හෝ මුව දොර හමු වෙනවා
ලොව කැළඹුන දා කදුබිම් හැකිලෙනවා
අහසයි ඔබ මට නිම් හිම් නොපෙනෙන
ඉණිමං බඳිනු බැරී
පොළොවයි ඔබ මට
තරුවක් විලසට රෑකල පතිත වෙමි
අනාත සයුරට වැහි දිය දෝත ඔබයි
අගාධ අඳුරක දුල රන් සිළුව ඔබයි
ඔබ මට ලඟ බව ඉඳුරා මම දනිමී
ඔබ වට කහවනු පවුරට මහ දුරකි
අහසයි ඔබ මට නිම් හිම් නොපෙනෙන
ඉණිමං බඳිනු බැරී
පොළොවයි ඔබ මට
තරුවක් විලසට රෑකල පතිත වෙමි
අහසයි ඔබ මට නිම් හිම් නොපෙනෙන
ඉණිමං බඳිනු බැරී
පොළොවයි ඔබ මට
තරුවක් විලසට රෑකල පතිත වෙමි",අහසයි ඔබ මට,You are my whole world,World,Girls
Oba Gawa Mama Innemi,Sahan Chamikara,"Oba Gawa Mama Innemi",2016,Rookantha Gunathilaka,"ඔබ ගාව මම ඉන්නෙමි
සුසුමන් වගේ යාවෙවී
තනියේ තුරුල් වී මුමුණා සුපෙම් ගී
රෑ සීතලේ ළං වෙවී
තරුමල් කඩා දෙන්නෙමි //

මිණිසේ දිළෙන්නේ තරු සේ නිවෙන්නේ
ඔබගේ සිනා දෑස නේදෝ
නොසැලී තියෙන්නේ සසැලී නොයන්නේ
ඔබගේ මගේ ස්නේහෙ නේදෝ
සිත මාගෙ සනසන්නේ සරසන්නේ ඔබමයි ළඳේ
වෙන කවුරුවත් මාගේ තුරුළේ නිදන් නෑ ළඳේ

මතු ජීවිතේ දී මෙලොවින් තුරන් වී
ගුවනේ පියාඹන්න වේවි
අභ්‍යාවකාශේ ග්‍රහලෝක ගානේ
මිතුරන් සොයා යන්න වේවි
ඒ කාලෙදිත් මා පතන්නේ ඔයාවයි ළඳේ
දෙව් දූවරුන්ගෙන් අහන්නෙත් ඔයාවයි ළඳේ

ඔබ ගාව මම ඉන්නෙමි
සුසුමන් වගේ යාවෙවී
තනියේ තුරුල් වී මුමුණා සුපෙම් ගී
රෑ සීතලේ ළං වෙවී
තරුමල් කඩා දෙන්නෙමි //
",තරුමල්,"Something that is beautiful, radiant, or shining",Flower,Star
"hima renu watena sithale",Latha Walpola,Pem Nalaville,2008,Saman Chandranath Weerasinghe,"hima renu watena sithale

netha gawa radawa adare
sudu sela sulage pa kale
oba neda mage biso...
ran thodu salena rawaye
sitha gawa bandu malige
rathu rosa yahana saduwe
mata neda mage mal saro...

madu panayak se wahila
yanawada dethole gawila..
manamalayange chethana
nokiyama pala sina...
hima renu watena sithale
netha gawa radawa adare
sudu sela sulage pa kare
oba neda mage biso...
muthu malayak se ya wune
api athma ganane pa sene..
manamaliyange chethana
pawasawi dase latha...
ran thodu salena rawaye
sitha gawa bandu malige
rathu rosa yahana saduwe
mata neda mage mal saro...
hima renu watena sithale
netha gawa radawa adare
sudu sela sulage pa kale
oba neda mage biso...","hima renu watena sithale",very cold environment with mist,mist,snow
රැස් විහිදෙන සමනලියකගෙන්,,Best of Bathiya & Santhush - Hit Singles,2013,unknown,"රැස් විහිදෙන සමනලියකගෙන්
ඉගියක් ලැබුනාම
රැක ගන්නම් දුර අවකාශේ
ඉගිලී යන දාට
පාවී ගොස් උඩු යටිකුරු වී
නෙත් තෙමුනාම
දිරි දෙන්නම් මුළු හද පත්ලෙන්
මහමෙර සේම

සියැසින් දුටු සිහිනයකින්
රහසක් ගෙන එන්නම්
හැබැහින් විද ගන්න
රහසින් ගෑ මුදු සුවදින්
හුස්මක් පුරවන්නම්
ළමැදේ බිහි වෙන්න

සුසුමින් හුන්මිටි තබමින්
තනියෙන් ඉන්නවනම්
ඉන්නම් දුක ගන්න
ගලනා දා බිදු පිසිමින්
වත්සුනු තවරන්නම්
ඉරණම පෙරලන්න    ", රැස් විහිදෙන සමනලියකගෙන්,beautiful girl,girl,butterfly
අහස සේ ඔබ අනන්තයි,Nanada Malani,Best of Nanda Malini Vol. A,1991,Sunil Ariyarathne,අහස සේ ඔබ අනන්තයි සයුර සේ ඔබ අනන්තයි මේ විශ්වයේ මා දකින්නේ…ඒ ඔබමැ පමණයිඔබ අනන්තයි අනන්තයි වෙණ තතක් හැඩවෙන තැනත් ඔබ මදුවිතක් උතුරන තැනත් ඔබ තෙළිතුඩක් දැවටෙන තැනත් ඔබ පන්හිඳක් ගැවසෙන තැනත් ඔබ අඩ සඳක් සැගවෙන තැනත් ඔබ රළ පෙළක් පෙරලෙන තැනත් ඔබ සිසිලසක් දනවන තැනත් ‍ඔබ උණුසුමක් ගෙනදෙන තැනත් ඔබ,අහස සේ ඔබ අනන්තයි,You are as big and precious as the sky,you/ sweetheart,sky
"වසන්ත කාලෙට සුරංගනාවන් 
",Roshan Fernando,Wasantha Kaleta,2012,Roshan Fernando,"වසන්ත කාලෙට සුරංගනාවන් අනන්තවත් ඒවී

එපා කියද්දී බලහත්කාරෙන්‍ යහනට කඩාවදී
විනීත තාලෙන් ප්‍රේමාලිංගන
නෙත් කරලිය පාවී
බැහැයි කියද්දි සුරතින්ඇදගෙන
තුරුලේ රඟපාවී
බැහැයි කියද්දි සුරතින්ඇදගෙන
තුරුලේ රඟපාවී
මේ පැහැදිලි සඳපානේ

දඟලන තරු ලැජ්ජාවේ
මැවෙනා සිහින ඟඟේදී
එළිවෙනවා නොදැනේ
මේ පැහැදිලි සඳපානේ

දඟලන තරු ලැජ්ජාවේ

මැවෙනා සිහින ඟඟේදී
එළිවෙනවා නොදැනේ
---------------

වසන්ත කාලෙට සුරංගනාවන්

අනන්තවත් ඒවී
බැහැයි කියද්දී ඇවිටිලි කරමින්
සෙනෙහස ඉල්ලවී
ප්‍රනීත් මදිරා පෙරා පුරාදී
උමතු වෙසින් කැරකී
බැහැයි කියද්දී
සවුදිය පිරුමට යෞවනයම අයදී
බැහැයි කියද්දී
සවුදිය පිරුමට යෞවනයම අයදී
මේ පැහැදිලි සඳපානේ

දඟලන තරු ලැජ්ජාවේ

මැවෙනා සිහින ඟඟේදී
එළිවෙනවා නොදැනේ
මේ පැහැදිලි සඳපානේ
දඟලන තරු ලැජ්ජාවේ
මැවෙනා සිහින ඟඟේදී
එළිවෙනවා නොදැනේ","වසන්ත කාලෙට සුරංගනාවන් අනන්තවත් ඒවී
",grils comes to life only in good times,good time,spring
වළාකුලක් වී,Kasun Kalhara & Indrachapa Liyanage,වළාකුලක් වී,2005,Charith Senadheera,"වළාකුලක් වී නිල් අහසේ
වළාකුලක් වී නිල් අහසේ
පාවී යන්නම් නිදහසේ සුළගේ
පාවී යන්නම් නිදහසේ සුළගේ

මධු බඳුන් පිරි ඉතිරි
ඈ රැව බොඳවී මැකී යයි
රෑ අඳුරේ
සාගරයේ වෙරළේ

පාවී යන්නම් නිදහසේ සුළගේ
වළාකුලක් වී නිල් අහසේ
වළාකුලක් වී නිල් අහසේ
පාවී යන්නම් නිදහසේ සුළගේ
පාවී යන්නම් නිදහසේ සුළගේ

තරැ ගරා වැටි දියවි
තනිකම මතුවී නිවී යයි
මේ මොහොතේ
නදී දියේ සිහිවේ

පාවී යන්නම් නිදහසේ සුළගේ
වළාකුලක් වී නිල් අහසේ
වළාකුලක් වී නිල් අහසේ
පාවී යන්නම් නිදහසේ සුළගේ
පාවී යන්නම් නිදහසේ සුළගේ",වළාකුලක් වී නිල් අහසේ,Freedom is like clouds in the sky,Clouds,Freedom
Sandawathiye,Centigradz,Urumaya,2006,Sajith Dilpahan,"තාන තනා තම්දේ නා තම් දෙනා නා
තෙතන තනා තම්දේ නා තම් දෙනා නා
සඳවතියේ ඔබ මුදු දෑතේ
වළලු හඬින් මා සිත පිබිදේ
ඔමරි ලතා මා හද දැවටේ
පායන සඳ මෙන් ඔබ මා සිත බැබලේ
තාන තනා තම්දේ නා තම් දෙනා නා
තෙතන තනා තම්දේ නා තම් දෙනා නා
තාන තනා තම්දේ නා තම් දෙනා නා
තෙතන තනා තම්දේ නා තම් දෙනා නා
තාන තනා
තනා නා තම් දෙනා නා
හැන්දෑවේ සඳකැන් අතරේ
මා සෙනෙහෙ ඔබ ළඟ රැඳුනේ
රෑ අහසේ රන්තරු දිලිසේ
තනිකම ආවේ තනියට මාගේ
තාන තනා තම්දේ නා තම් දෙනා නා
තෙතන තනා තම්දේ නා තම් දෙනා නා
ඔය දෙතොලේ සිනහව දැකලා
රන් ගොයමේ මල් පීදී නැමිලා
දෙවට දිගේ තුරු වැල් සැලෙනා
මන බැන්දූ ඔබේ රුව දැකලා
බැන්ද වාන කුලු යතුරු සදාලා
අන්දවාන දෙදෙ... නෙකුට කියාලා
කැන්දවාන අලු යන්තරෙ ඇදලා
කන්දෙ බැදෙන බැත පැහැපත් කරලා
තාන තනා තම්දේ නා තම් දෙනා නා
තෙතන තනා තම්දේ නා තම් දෙනා නා
තාන තනා තම්දේ නා තම් දෙනා නා
තෙතන තනා තම්දේ නා තම් දෙනා නා",සඳවතියේ ඔබ මුදු දෑතේ,Girl with soft hands,Girl,Moon
Sandawathiye ,Ashan Fernando,None,2018,Nisal Fernando,"සඳ රූරා හීන සේයා
නෙතු පායා මායාව විහිදා
නිදි වරනා පාළු හෝරා
මට නුඹ හා විඳගන්න ඕනා
සඳ දිය දහරා හදවත පාරා
මගේ සඳ කිඳුරී මා ගාව පායා
සිතුවිලි පීරා ලය පිරිමදිනා
දිගු නිල් දෑසේ මායාවේ ගිලුණා
සඳ වතියේ...
සඳ වතියේ...
පායා තරු කැට වීණා
හීනේ සියොළඟ රැඳුනා
ඝණ අඳුරේ මා හා පිය මනිනා
අරුමොසම් දෑසට වහ වැටුණා
සෙවනැලි මාවතේ සැඟවෙන්නෙපා
කවිකාර පෙම දෝරෙ ගැලුවා
සඳ වතියේ නුඹගේ සෙනෙහේ සුසුම් ඇහැරුණා
රහසේ කාලය ගෙවනා
මායා සිහිනයේ රැඳිලා
සඳ සෙවනේ නුඹ හා නෙතු පටලා
ආදරයේ මීවිත අයදිනවා
සෙවනැලි මාවතේ සැඟවෙන්නෙපා
කවිකාර පෙම දෝරෙ ගැලුවා
සඳවතියේ නුඹගේ සෙනෙහේ සුසුම් ඇහැරුණා
සඳ රූරා හීන සේයා
නෙතු පායා මායාව විහිදා
නිදි වරනා පාළු හෝරා
මට නුඹ හා විඳගන්න ඕනා
සඳ දිය දහරා හදවත පාරා
මගේ සඳ කිඳුරී මා ගාව පායා
සිතුවිලි පීරා ලය පිරිමදිනා
දිගු නිල් දෑසේ මායාවෙ ගිලුණා
සඳ වතියේ...
සඳ වතියේ...
සඳ වතියේ...
සඳ වතියේ...
",සඳ වතියේ,Girl who is bright as the moon,Girl,Moon
Mal Warusawai,Ravi Jay,Wedi Warusa,2022,Thilina Boralessa,"මල් වරුසාවයි ..සීතයි
යන්නට අපි දෙන්නා
මට ලොබයි
අයේ හමු නොවෙනා

එ මොහොතත් නතර උනා
සඳ එලියෙන් නැහැඋනා 
ආදරය දී ඉන්නෙපා 
සුසුමකට ඉඩතියා..

සයනයේ මත 
රිදුම් වැලපුම
හවසකට හරි
ආයේ එනවද

බෑ ඉන්නට අද තව ඉර මුදුන්වෙලා හොදටම
ඔය මල ඉඹගෙන මගෙ රත්වුනු කඩුව තියන්නට
නුඹෙ සියුම් ගතෙ මේ අශෝක චන්ඩාශෝකයන් වෙන්නං අද
මේඝ වලාවන් අරගෙන නුඹ එනවද සංග්‍රාමෙට...
ඩිංගක් නපුරෙක් වෙන්නට මට අද පොඩ්ඩක් ඉඩ දෙන්න
ඉකිබිද නොඅඩන්  පොඩ්ඩක් රිදවන්නෙ 
උච්චම ස්වරෙ නුඹෙ මට ගන්න...
කුෂාන්තියේ දුමේ මතින් වෙරලු මල් සුවදත් රගදෙයි රාගෙ
ආලෝකෙ දුරයි අදුරයි යහනේ
ගැලවෙන්න හිතක් නෑ මේ ශාපෙන්...
ඉතිං අපි දුර යං පාවී මේ දෑස බලා මරවන් රාගී
දැං හදිස්සියක් නැතුවත් වේවි
ගිනි ගන්න මේ කරුමෙට ඇයි ආවේ මං ඇයි ආවේ
මේ බොදඋනු හීනෙකට ලෝබෙකට
මේඝවලා අරගෙන වැස්සත් අරගෙන
ඩිංගක් සැනසෙන්න හවසට එනවාද?

හිත සැනසුවා
ගත වෙහෙසවා
අපි සැනසුනේ
කරැමේ අපේ... කරුමේ

සයනයේ මැද - මං දෑසින් දැක්කා
රිදුම් හදවත - මනසින් වින්දා
හවසකට හරි
ආයෙ එනවද? -මේ රාගේ පල්ලා
",මල් වරුසාවයි,Feeling of being surrounded or enveloped by something positive or uplifting,Rain,Flower
Himaleta Wada Usai,Jude Rogans,None,2014,Dilan Gamage,"හිමාලෙට වඩා උසයි සෙනෙහස පපු කඳේ..
කසාය පරාදයි වරදෙදි සැර ඔබේ..
ඇහැ ගහගෙන සිටී සමාජෙ ගැන කියයි..
හොද මිනිහෙක් වෙයන් නිතරම මට කියූ..

ආදර මගෙ තාත්තේ...////

දරදඬු හිත මගේ - අයාලෙ ගිය දිනේ..
කඳුලැල් මොනතරම් - පිරුනද ඔය නෙතේ..
ඒ ඔවදන් මා සුමඟට - ගෙන මිස නෑ හැර ගියේ..
අද මා සිටිනා තැන දැක - සතුටින් අවවාද දේ..
හොද මිනිහෙක් වෙයන් - නිතරම මට කියූ..
මතු සසරෙත් පතන්නෙ - ඔබමයි තාත්තේ..

හිමාලෙට වඩා උසයි...

කරදර ආ මගේ - නොබියව ලඟ හිදී..
දියුණුව දැක මගේ - ආශිර්වාද දේ..
නොදකින දෙවියන් වැන්දද - ඔබමයි දෙවියන් වුනේ..
උපදින හැම භවයකදිම - වෙන්නද මම පුතු ඔබේ..
හොද මිනිහෙක් වෙයන් - නිතරම මට කියූ..
මතු සසරෙත් පතන්නෙ - ඔබමයි තාත්තේ..

හිමාලෙට වඩා උසයි...
",හිමාලෙට වඩා උසයි සෙනෙහස පපු කඳේ,"Love is something that rises above all other things, and that it is an important or central part of one's life",Love,Himalaya height
මා  ඉතින් යන්න යනවා ,Sunil Edirisinghe,Suwanda Muvarada - Vol.02,2003,Rathna Sri Wijesinghe,"""මා ඉතින් යන්න යනවා මට යන්න අවසරයි මට අරන් යන්න ඇත්තේ ඒ මතකය විතරයි ඔබ සඳක් සේම පායා මට එලිය දුන් වගයි ඔබ සඳක් සේම බැස යයි මට අයිති කළුවරයි මට මතක එපමණයි සඳ එලිය අයිති ලොවටයි සඳ අයිති අහසටයි උණු කඳුළු බින්දු පමණක් මේ බිමට වැටෙනු ඇයි මට උරුම එපමණයි""",ඔබ සඳක් සේම,You light up my life like a moon and now leave like a moon,You/ sweetheart,moon 
"Heena thataketa",Chillie,Beginning New Music,2012,None,"හීන තටාකෙක මූන බලාගෙන ඔබට කතා කෙරුවා
පාර පුරාවට ආල නුරාවට අපට කතා හැදුනා

බලා ඉන්න ඇස් දෙක දල්වා
හිතේ ඇල්ම මා වෙත රන්දා
මුවා වෙන්න මල් පෙති තිබ්බා
සුසුම් ඇවිත් තොල් පෙති සිම්ඹා

එහෙම වෙලාවට යහන පුරාවට නුඹගෙ සුවඳ සෙව්වා
හංසියේ පාන සිනාවට ලෝබ වෙලා මම කඳුලු පවා සැලුවා

හීන තටාකෙක මූන බලාගෙන ඔබට කතා කෙරුවා
පාර පුරාවට ආල නුරාවට අපට කතා හැදුනා

බලා ඉන්න ඇස් දෙක දල්වා
හිතේ ඇල්ම මා වෙත රන්දා
මුවා වෙන්න මල් පෙති තිබ්බා
සුසුම් ඇවිත් තොල් පෙති සිම්ඹා

හංසියේ මොනවා කලත් මම ඔබට හෘදෙ පිදුවා
මගෙ හීන ලොවේ පෙම් රැජින වෙලා ඔබ තුරුලු වෙලා හිටියා පපුවට

හීන තටාකෙක මූන බලාගෙන ඔබට කතා කෙරුවා
පාර පුරාවට ආල නුරාවට අපට කතා හැදුනා",හීන තටාකෙක,Speaker had a conversation with the listener while both were in a dreamlike state or environment,Dreams,Pool
Lakmawuni,"Mihindu Ariyaratne, Ridma Weerawardena, Danith Sri, Supun Perera, Ranga Weerasekera, Kanchana Anuradhi, Ranura Perera, Fawaz, Prageeth, Heshan, Jo, Kishawn, Indumini",NA,2019,"Savindra Madushan, Indumini Siriwardana, Kishawn","[Ridma]
විකසිත වී නිති
එකමුතු වී
සවිබල පා සැම
එඩිතර වී

[Ranga]
රුහිරය දී දිනු
ලක් මව්නී
ගරුකල සේ නුඹ
සෙවනෙ හිදී
දරුකැල සේ නුඹ
සෙවනේ හිදී

[Dhanith]
පියමනිනා
රළු මාවත දිගේ
ජය ටැබ වේ
දද බදීනා දිනේ

[Supun Perera]
නිම නොවෙනා
හද මඩලේ සෙනේ
නිති සැදුනේ
එක මව්නේ

[Kanchana]
බිද දමලා රළු
පවුරු බැදී
මිතුදම වේ අප
අතරෙ සැදී

[Supun Perera]
මනු දෙරණේ
නොම නොගැටි අපී
ලොව දිනමූ සිහ
ජය ගොස දී

[Ridma & Kanchana]
ලොව දිනමූ සිහ
ජය ගොස දී

[Ranga]
පියමනිනා
රළු මාවත දිගේ
ජය ටැබ වේ
දද බදීනා දිනේ

[Dhanith]
නිම නොවෙනා
හද මඩලේ සෙනේ
නිති සැදුනේ
එක මව්නේ

[Fawaz]
රතු රුහිරේ ලයෙ
සැරුවේ අපේ
කුමකට දෝ පිල්
බෙදිලා මෙසේ

[Heshan]
ලග දකිනා නෙතු පිසදාලා

[Prageeth]
අපි සැවොමා එක රැහැනේ වෙලී

[Ranura]
අපි සැවොමා එක රැහැනේ වෙලී

[All Togethe]
පිය මනිනා
ජය මාවත දිගේ
අපි සැවොමා
එක් වී",අපි සැවොමා එක රැහැනේ වෙලී,We are all united,Unity,A single wire
Galana Ganga,"Ravi jay, Charitha Attalage",Dura Akahe Master Collection by Charitha Attalage,2022,"Charitha Attalage, Ravi jay","නීල දෑස හා දොඩවන්නම්
වළලු හඬට මම මත් වෙන්නම්
නීල වරල මා සිඹ ගන්නම්
හීන මවා මට කතා කරන්
ගලන ගඟක රළ වාගේ
නිමාවක් නෑ නේ
ඔබෙ රූ වරුනේ
ක්ෂිතිජයක ඉමක් ගානේ
නිමාවක් නෑ නේ
ඔබෙ රූ වරුනේ
ලෞකික සැප
කාලය කාදැමීමක් නිබ්බාණෙට පිවිසෙන්න
පංචස්කන්ධයක අස්ථිර ගතිය මෙනෙහි මෙනෙහි
මං තපසෙක්ම විය නුඹ දකින්න පෙර
ඔයාගෙ ළපටි තඹර දෙකොපුල
තුහින වැටි දිළිසෙයි ඝණ අඳුර මත
ඇසට නොපෙනෙන පර්වතෙක සුන්දර බව විඳපු මට
ඔයාගෙ රුව දැක බිඳුනා මගෙ සමවැදි
සිටි දැහැන මෙතුකලක් කැළඹිලා
සම්මාදිට්ඨිය මගෙ අද නතරවෙලා
ඔයාගෙ නෙතුමුල, මගෙ හේතුඵල
ගොළුවෙලා අන්ධව අතර මග කිමද
ඝන්ධකුටියෙන් හිමිට බැස සීලය පසෙක දමා
විදනසින් වැද රූපයක සොබා
එතෙර වෙන්න මං ගිය සසර මග පෙරට
ඔයා ඇවිත් අද තෘෂ්ණාවක් වෙලා
නීල දෑස හා දොඩවන්නම්
වළලු හඬට මම මත් වෙන්නම්
නීල වරල මා සිඹ ගන්නම්
හීන මවා මට කතා කරන්
ගලන ගඟක රළ වාගේ
නිමාවක් නෑ නේ
ඔබෙ රූ වරුනේ
ක්ෂිතිජයක ඉමක් ගානේ
නිමාවක් නෑ නේ
ඔබෙ රූ වරුනේ",නීල වරල මා සිඹ ගන්නම්,I will kiss your hand,Hand,Blue fin
ආදරේ ඔබෙන් දැනුනු තරම්,Pradeep Rangana,Obagen Tharam,2017,Pradeep Rangana,"ආදරේ ඔබෙන් දැනුනු තරම්
දැවි දැවි හිතම වෙලුනු තරම්
ආදරේ ඔබෙන් දැනුනු තරම්
දැවි දැවි හිතම වෙලුනු තරම්
ජීවිතේ සතුට මේ තරම්
නැහැ දැනුනේ මේ ලෝකේ
මට ලැබුණු ඔබගෙන් තරම්
නැහැ දැනුනේ මේ ලෝකේ
මට ලැබුණු ඔබගෙන් තරම්
ඔබ මැවු පද පෙලින්
මා හදේ ගීතයක් ලීවා
නොමැකෙනා පද වලින්
ජීවිතේ තනුව මම ලීවා
උපදිනා මතු හැම භවේ
මං ඉන්නවා ඔබගේ පපුතුරුලේ උණුහුම වෙලා
මං ඉන්නවා ඔබගේ පපුතුරුලේ උණුහුම වෙලා
කටු මතින් යන ජීවිතේ
මල් වලින් අපි සරසමු
ඔබේ හැඟුම් මගේ කියා
සම සිතින් අපි විදගමු
උපදිනා මතු හැම භවේ
මං ඉන්නවා ඔබගේ පපුතුරුලේ උණුහුම වෙලා
මං ඉන්නවා ඔබගේ පපුතුරුලේ උණුහුම වෙලා
ආදරේ ඔබෙන් දැනුනු තරම්
දැවි දැවි හිතම වෙලුනු තරම්
ආදරේ ඔබෙන් දැනුනු තරම්
දැවි දැවි හිතම වෙලුනු තරම්
ජීවිතේ සතුට මේ තරම්
නැහැ දැනුනේ මේ ලෝකේ
මට ලැබුණු ඔබගෙන් තරම්
නැහැ දැනුනේ මේ ලෝකේ
මට ලැබුණු ඔබගෙන් තරම්","කටු මතින් යන ජීවිතේ
",hard life journey with challenges,life challenges,Thorns
Wedi Warusa,Sandun Perera,Wedi Warusa,2019,Sajith V Chathuranga,"දිනෙක වරදින්නම ඕනේ..
දැනගන්න මිනිසුන් ලෝකේ..
කවුද හැබැහින් නැති දා මෙන්..
ආදරේ කියා..
ඔබට මා හොද මදි වූයේ
ආස කරනා වටින දේ..
ගෙන දෙන්න ඉල්ලන වේගෙන්
මට බැරි නිසා..

වෙඩි වරුසා ඇද හැලුනත්
මිය නොවෙන ප්‍රේමෙට මගේ..
බොරු කරලා කවදාවත්
සැනසෙන්න බෑ අන්තිමේ..//

මාගෙ දිවියේ කිසිම දිනයේ..
නොකල දේවල් හුඟක් කෙරුවේ..
ඔබ තබන්නයි මලක් වාගේ..
සුවඳ හමමින් රෑ දිවා..

කඳුලු හෙලලා හැමට වචනෙන්
නොකීවත් මා හඬ නගා..
ඔබව නොබලා ගෙවන මොහොතත්
කල්පයක් මෙන් දැනෙනවා..

වෙඩි වරුසා ඇද හැලුනත්...

විඩාබර වී අලුත් හෙවනේ
ඔබට මතු යම් දිනෙක ආයේ..
හොඳට තේරෙයි අඩුව මාගේ
අපේ පුරාණේ සිහිවෙලා..

කඳුලු හෙලලා හැමට වචනෙන්
නොකීවත් මා හඬ නගා..
ඔබව නොබලා ගෙවන මොහොතත්
කල්පයක් මෙන් දැනෙනවා..

වෙඩි වරුසා ඇද හැලුනත්...
",වෙඩි වරුසා,"Strong and resilient love for someone, and that it can withstand any challenges or obstacles that may come their way",Rain,Bullet
Himaleta Wada Usai,Jude Rogans,None,2014,Dilan Gamage,"හිමාලෙට වඩා උසයි සෙනෙහස පපු කඳේ..
කසාය පරාදයි වරදෙදි සැර ඔබේ..
ඇහැ ගහගෙන සිටී සමාජෙ ගැන කියයි..
හොද මිනිහෙක් වෙයන් නිතරම මට කියූ..

ආදර මගෙ තාත්තේ...////

දරදඬු හිත මගේ - අයාලෙ ගිය දිනේ..
කඳුලැල් මොනතරම් - පිරුනද ඔය නෙතේ..
ඒ ඔවදන් මා සුමඟට - ගෙන මිස නෑ හැර ගියේ..
අද මා සිටිනා තැන දැක - සතුටින් අවවාද දේ..
හොද මිනිහෙක් වෙයන් - නිතරම මට කියූ..
මතු සසරෙත් පතන්නෙ - ඔබමයි තාත්තේ..

හිමාලෙට වඩා උසයි...

කරදර ආ මගේ - නොබියව ලඟ හිදී..
දියුණුව දැක මගේ - ආශිර්වාද දේ..
නොදකින දෙවියන් වැන්දද - ඔබමයි දෙවියන් වුනේ..
උපදින හැම භවයකදිම - වෙන්නද මම පුතු ඔබේ..
හොද මිනිහෙක් වෙයන් - නිතරම මට කියූ..
මතු සසරෙත් පතන්නෙ - ඔබමයි තාත්තේ..

හිමාලෙට වඩා උසයි...
",හිමාලෙට වඩා උසයි සෙනෙහස පපු කඳේ,"Love is something that rises above all other things, and that it is an important or central part of one's life",Love,Himalaya height
Sandawathiya Obai,Roshan Fernando,Sandawathiya Obai,2010,Roshan Fernando,"සඳවතිය ඔබයි....
මුදු සුවය ඔබයි....
මගෙ ජීවිතේ.....
මගෙ ජීවිතේ....
අපි අපේ වෙමු සදා...
හිරු කුමරු ඔබයි...
මට දිරිය ඔබයි...
මගෙ ජීවිතේ...
මගෙ ජීවිතේ...
අපි අපේ වෙමු සදා...
මේ භවයේ.....ඔබ මා සොයලා..
ලංවූවා.....සෙනෙහේ පුදලා..
කතරක වැහිදිය පොදක්වගේ
හමුවූවා......ඔබ හමුවූවා..
සඳවතිය ඔබයි....
මට දිරිය ඔබයි...
මගෙ ජීවිතේ...
මගෙ ජීවිතේ...
අපි අපේ වෙමු සදා...
ඔබහා මා.......සතුටින් හිදිමූ...
දිවි ගමනේ....අපි එකට යමූ...
සමුගන්නාදා ලෝකයෙන්
එකට යමූ.....අපි එකට යමූ.....
සඳවතිය ඔබයි....
මුදු සුවය ඔබයි....
මගෙ ජීවිතේ.....
මගෙ ජීවිතේ....
අපි අපේ වෙමු සදා...
හිරු කුමරු ඔබයි...
මට දිරිය ඔබයි...
මගෙ ජීවිතේ...
මගෙ ජීවිතේ...
අපි අපේ වෙමු සදා...
අපි අපේ වෙමු සදා...",සඳවතිය,"Having a strong influence on the speaker's life and actions, or that they are an integral part of the speaker's life",Girl,Moon
Wedikawe,Dhanith Sri,Alokawarsha,2021,Dhanith Sri,"වේදිකාවේ
මේ රාත්‍රියාමේ
ඔබගැන මතකේ අවදිකලා

පාලු යාමෙ
මදුමූ පෙරෙන්නේ
මම නැති ලෝකේ
තනිවුන මා

ජීවිතේට නුඹ ආවා
දිනයේම ලංවෙන්න සිතුනාට

මෙ මා එක්ක
සිපගත්ත
සිපගන්න ගුලිවෙන්න
සිතුනත් මට

වේදනාවේ
මා හා ගෙවෙන්නේ
දෙනෙතින් තෙමී
කදුලැල් සලා

මං මුලාවේ
තනිවී තැවෙන්නේ
නුඹ නැති හීනේ උරුම නිසා

ජීවිතේට නුඹ ආවා
දිනයේම ලංවෙන්න සිතුනාට

මෙ මා එක්ක
සිපගත්ත
සිපගන්න ගුලිවෙන්න
සිතුනත් මට",නුඹ නැති හීනේ උරුම නිසා,Because I'm destined for a future without you,Future,Nightmare
Sandaganawa,Dhanith Sri,NA,2019,Dhanith Sri,"උදුල තරු මේ අහස් තලයෙන් වසන් වී වාගේ..
මාර සේනා හදට කැන්දන යාමෙ ලං වූයේ..
මේඝ වර්ශා ගලා හැලුනේ සේද යහනාවේ..
දෝරෙ යන මේ හැගුම් ගoගා ඔහේ සැලුනාවේ..

සදගනාවට සදලුතල සිප.. සුව දෙන යාමයේ..
උණුහුමේ ගිරි තුඩට මීපැණි.. ගෙනේවී රාත්‍රියේ ආයේ..

කාලෙකින් මං ආවෙ නැත්තේ පහල ගං තීරේ..
ඉවුරු තල සිප ගන්න අවසර දේද හිත කීවේ..
ගෙවී යන මේ භවේ, ජීවිත ගානෙ සංසාරේ…
මගෙම වී පතිනිය නුඹේ දිවි ගෙවේවා නිබදේ..

සදගනාවට සදලුතල සිප.. සුව දෙන යාමයේ..
උණුහුමේ ගිරි තුඩට මීපැණි.. ගෙනේවී රාත්‍රියේ ආයේ..",මාර සේනා හදට කැන්දන යාමෙ ලං වූයේ,Felt my heart fire up,Feeling in chest,An army
Gindara,"Dhanith Sri, Randhir Witana",NA,2020,Dhanith Sri,"හීන ආකර
හදට කැන්දා
මගේ හදවත රැගෙන ගිය ඒ
ඇගේ හැඩයම
තියෙන රූබරියේ

මගේ මුවගට
වැටෙන බිදුවේ
හිතේ දුක් ගිනි දියව දියවේ
දුවන රුධිරේ
මධුවිතට පෙරලේ

ආදරේ ගීතයක්ව පාවී ආවේ
රස මාරුතේක මා ගිලුනේ
හැරදා ගියත් මා මේ තුන් ලෝකේ
නුඹේ රහට මත්වී යමි නිවාඩුවට හඳේ

දැවෙන ගින්දර
පපුව ඇතුලේ
නිවාගන්නට නුඹ රැඳෙන්නේ
මගේ අත
උඩ නුඹ රැගුම දෙන්නේ

දුන්න තාලෙට අඩිය තැබුවේ
මගේ වන්නමේ නමක් නැත්තේ
හිතේ දුක නෑ මට ඉතිරි වෙන්නේ

ආදරේ ගීතයක්ව පාවී ආවේ
රස මාරුතේක මා ගිලුනේ
හැරදා ගියත් මා මේ තුන් ලෝකේ
නුඹේ රහට මත්වී යමි නිවාඩුවට හඳේ","ආදරේ ගීතයක්ව පාවී ආවේ
හිතේ දුක් ගිනි දියව දියවේ","Received love
Sadness went away","Love
Sadness","Song
Fire"
Obamai Aloke,Supun Perera,Obamai Aloke,2021,Dilmin Perera,"මේ ප්‍රේම චායාවේ
මල් පිපෙන හෝරාවේ
සිප ගත්ත රෑ යාමේ සොඳුරේ

ඒ සිහින රේඛාවේ
ඉගිලෙන්න සැනසිල්ලේ
‍රෝසමල් යහනාවේ සොඳුරේ

ආදරේ සිතේ සාගරේ වගේ
මට කීව කීව පෙම් කතන්දරේ
ශෝකගිම් නිවී ප්‍රේමියේ මගේ
තාරුකා වගේ දිලෙයි අහසේ…

ඔබමයි ආලෝකේ ඔබමයි මා සිහිනේ
ඔබමයි මා ජීවේ..ප්‍රේමියේ..
ඔබමයි ආලෝකේ ඔබමයි මා සිහිනේ
ඔබමයි මා ජීවේ..ප්‍රේමියේ…
සංසාර සරනාවී ප්‍රේමයේ සනසාවී
ආදරෙන් මට ලංවී මාගේ කෝල මනමාලී…

මේ ප්‍රේම චායාවේ – සිත රැඳුණු මදහාසේ
ඔබේ රුවමයි මට සිහිවෙන්නේ
ඔබෙ නෙත් දුටුවාවේ හදේ මල් පිපුනාවේ
ප්‍රේමරැල් නැගුනාවේ හදේ..

ආදරේ සිතේ සාගරේ වගේ
මට කීව කීව පෙම් කතන්දරේ
ශෝකගිම් නිවී ප්‍රේමියේ මගේ
තාරුකා වගේ දිලෙයි අහසේ…

ඔබමයි ආලෝකේ ඔබමයි මා සිහිනේ
ඔබමයි මා ජීවේ..ප්‍රේමියේ…
ඔබමයි ආලෝකේ ඔබමයි මා සිහිනේ
ඔබමයි මා ජීවේ..ප්‍රේමියේ…
සංසාර සරනාවී ප්‍රේමයේ සනසාවී
ආදරෙන් මට ලංවී මාගේ කෝල මනමාලී…

ආදරේ සිතේ සාගරේ වගේ
මට කීව කීව පෙම් කතන්දරේ
ශෝකගිම් නිවී ප්‍රේමියේ මගේ
තාරුකා වගේ දිලෙයි අහසේ…

සංසාර සරනාවී ප්‍රේමයේ සනසාවී
ආදරෙන් මට ලංවී මාගේ කෝල මනමාලී","ඔබමයි ආලෝකේ
ඔබමයි මා සිහිනේ
ඔබමයි මා ජීවේ","You lighten up my life
You are what I want
You are important to me","Girl
Girl
Girl","Light
Dream
Life"
"නිය රටා
මවනවා",Sanuka,Saragaye,2016,Sanuka,"නිය රටා
මවනවා
අප'තරේ වූ කතා
රැය පුරා
උණුහුමේ මල් පෙති තලා
සයනයත්
නිදනවා
මේ රැය අපගේ වූ නිසා
ආදරෙන්
නග්න වූ හිමිකම් සොයා
උණුසුම් උදයක සුවඳින් ගත පිබිදී ගියා
ඔබේ නම සොයනව තාමත් නිය සිතුවම් පුරා
සරාගයේ
රැයේ
පිණි බිඳුවක් වී වැටී
මා සිතේ හිඩසක් මවා
යහන් තලේ
වැතිරී
අද තනිකම ඉතුරු වී
සඳ ඇතිරිල්ලෙන් වෙලී
තනි උනා
කාමරේ
මුළු පුරා
නෙක සළු පිළි තනිවෙලා
මා සිතින්
හඬනවා දෙස බල බලා
මංමුලා
වූ සිතින්
මා මල් සුවඳක් විඳිනවා
නැති ඉමක්
ඇති රුවක් හා මා වෙලී
උණුසුම් උදයක සුවඳින් ගත පිබිදී ගියා
ඔබේ නම සොයනව තාමත් නිය සිතුවම් පුරා
සරාගයේ
රැයේ
පිණිබිඳුවක් වී වැටී
මා සිතේ හිඩසක් මවා
යහන් තලේ
වැතිරී
අද තනිකම ඉතුරු වී
සඳ ඇතිරිල්ලෙන් වෙලී
තනි උනා
සරාගයේ
රැයේ
පිණි බිඳුවක් වී වැටී
මා සිතේ හිඩසක් මවා
යහන් තලේ
වැතිරී
අද තනිකම ඉතුරු වී
සඳ ඇතිරිල්ලෙන් වෙලී
සරාගයේ
රැයේ
පිණි බිඳුවක් වී වැටී
මා සිතේ හිඩසක් මවා
යහන්තලේ
වැතිරී
අද තනිකම ඉතුරු වී
සඳ ඇතිරිල්ලෙන් වෙලී
තනි උනා","රැය පුරා
උණුහුමේ මල් පෙති තලා
",lips are kissed ar night,lips,flower petals
Roja,Dhanith Sri,Alokawarsha,2021,Dhanith Sri,"රෝජා නුඹ අද හවසත් එනවද
රෝජා නුඹ මා තනිකර යනවද
රෝජා තව එක බැල්මක් දෙනවද
රෝජා නුඹයි ආලේ මාගේ

ආකාසයෙන් ආ ලඳේ..
දෙව්දූකවන් රූපෙ මාගේ..
දෝරේ ගලයි ආදරේ..

මේ රැය නුඹ මා ළඟ නැති හන්දා..
නුඹ ගැන මතකය සිහිනෙක රන්දා..
මා තනියම වින්දේ..

මේ රැය නුඹ මා ළඟ නැති හන්දා..
නුඹ ගැන මතකය සිහිනෙක රන්දා..
මා තනියම වින්දේ..

කඳුරැල්ලේ ලන්දේ පායා සිනාසේ..
මල් වාරේ ඇවිදින් මෙහේ..
දෙකොපුල් විලේහී හසරැල් පිපේවී..
හැඟුමන් හදේ යාවෙවී..
ආලේ හැඟුම්..
ප්‍රේමේ පැතුම්..
ඇතිරූ සිතින් මා මෙහේ..
හිඳිමී ඉතින්..
නෙතුකැන් පියන්..
එයිදෝ සොයා මා කෙරේ..

රෝජා නුඹ තනියම අද එනවද..
රෝජා අද නුඹ මාගේ වෙනවද..
රෝජා නුඹ තව ඈතට යනවද..
රෝජා නුඹයි ආලෙ මාගේ..

ආකාසයෙන් ආ ලඳේ..
දෙව්දූකවන් රූපෙ මාගේ..
දෝරේ ගලයි ආදරේ..

මේ රැය නුඹ මා ළඟ නැති හන්දා..
නුඹ ගැන මතකය සිහිනෙක රන්දා..
මා තනියම වින්දේ..

මේ රැය නුඹ මා ළඟ නැති හන්දා..
නුඹ ගැන මතකය සිහිනෙක රන්දා..
මා තනියම වින්දේ..",ආකාසයෙන් ආ ලඳේ..,Heavenly girl,Girl,Angel
"මගේ පුංචි රෝස මලේ
",Amarasiri Peiris,Sanduda Awadiyen,1995,Dammika Bandara,"මගේ පුංචි රෝස මලේ
මමයි නුඹේ වියපත් බඹරා
නුඹ හීනෙන්වත් නොදකින කුමරා...
කළුවර රෑ සඳක් වගේ
අහසේ නුඹ ඉන්නවනම්...
ආසයි මම නොකී කවිය
නුඹට කියන්න...
තරහක් නැහැ නුඹ බැස යන්න...
මගේ පුංචි නවාතැනේ
ඇවිදින් සැරි සරනවනම්...
ආසයි මං කවුළු පියන්
ඇරලා තියන්න...
තරහක් නැහැ නෑවිත් ඉන්න...
මගේ පුංචි රෝස මලේ
මමයි නුඹේ වියපත් බඹරා
නුඹ හීනෙන්වත් නොදකින කුමරා...
",මමයි නුඹේ වියපත් බඹරා,mature person loves young one,mature perso,old wasp
බැද්දට සඳ වගේ,Chamara Weerasingha,unknown,2010,Roshan Fernando,"බැද්දට සඳ වගේ ගෝමරි මල් මද කැකුළියේ
රන්දාපාමිනේ නැතියේ රන්කඳ වී මගේ
මං බැද්දේ ගොහින් බමර කොටක්
ගෙනැල්ලා දෙන්නම්
ගම් බැද්දෙ ගොහින් ගෝතම් පොජ්ජක්
ගෙනැල්ල දෙන්නම්

මහ හූරෝ සහේට ගන්නට හැදුවට
යන්ට එපා උඹ යන්ට එපා
හිත්ලෑව මේ ඇත්තෝ අහක දමා
හිත්ලෑව මේ ඇත්තෝ අහක දමා

මහ බල ඇති කළු බණ්ඩාර දෙවියන්ට
යදිනවා මං යදිනවා
මගෙ ගෑනි සහේට ගන්ට හිතා
මගෙ ගෑනි සහේට ගන්ට හිතා",බැද්දට සඳ වගේ,Beautiful girl,Girl,Moon
කිරිවෙහෙරට,Chamara Weerasinghe,Best of Chamara,2010,Chamara Weerasinghe,"කිරිවෙහෙරට යන පාරේ
මල් විකුණන මගෙ සීදේවී
සිදාදියෙන් එන දෙවිවරු
මලක් වගේ හිත ඉල්ලාවී…

කිරිවෙහෙරට යන පාරේ
මල් විකුණන මගෙ සීදේවී
සිදාදියෙන් එන දෙවිවරු
මලක් වගේ හිත ඉල්ලාවී

නිල් මානෙල් මලකට වැඩි
ඇස් දෙක ලස්සනයි කියාවී…
නිල් මානෙල් මලකට වැඩි
ඇස් දෙක ලස්සනයි කියාවී…
ලස්සන ඒ ඇසිපිය යට
හීන තියා සුවඳ ගනිවී

කිරිවෙහෙරට යන පාරේ
මල් විකුණන මගෙ සීදේවී
සිදාදියෙන් එන දෙවිවරු
මලක් වගේ හිත ඉල්ලාවී

මල් වික්කට කාසි වලට
නගරෙට හිත නොදෙන් දයාවී…
මල් වික්කට කාසි වලට
නගරෙට හිත නොදෙන් දයාවී…
මගෙ හිත කිරිවෙහෙර වගේ
සත්තයි පිවිතුරුයි ප්‍රියාවී

කිරිවෙහෙරට යන පාරේ
මල් විකුණන මගෙ සීදේවී
සිදාදියෙන් එන දෙවිවරු
මලක් වගේ හිත ඉල්ලාවී",සිදාදියෙන් එන දෙවිවරු,Rich persons are comming from town to village,Rich persons,Gods
"බඹර වගේ විසේකාරයා
",Sangeeth Wijesooriya,Tharu wessa,2012,Sangeeth Wijesooriya,"බඹර වගේ විසේකාරයා
මම දෙබර වගේ ගණංකාරයා
සමනළය වාගේ මම හැඩකාරයා
මී මැස්ස වගේ හරි වැඩකාරයා //
කෝකිලයා සින්දු කියනවා වගේ
රස වෑහෙන සින්දු කියනවා
මොණර රජා රඟදෙන විධියට අගේ
කොතනත් මම රඟදක්වනවා
මම කපුට වගේ කපටිකමට නෑ හුරුවන්නේ
කිරි කොකා වගේ හැම තැනදිම කැපිල පෙණෙන්නේ
බඹර වගේ විසේකාරයා
මම දෙබර වගේ ගණංකාරයා
සමනළය වාගේ මම හැඩකාරයා
මී මැස්ස වගේ හරි වැඩකාරයා
සැළලිහිණිය වගෙ නිහඬව ඉන්නවා
නියම තැනදි කතා කරනවා
උකුස්ස වගේ දුර තියාම දකිනවා
අනතුරකදි මට තේරෙණවා
නැහැ ගිරව වගේ නිතරම මම කතා කරන්නේ
පොර කුකුළ වගේ කොතන ගියත් දිනලයි එන්නේ
බඹර වගේ විසේකාරයා
මම දෙබර වගේ ගණංකාරයා
සමනළය වාගේ මම හැඩකාරයා
මී මැස්ස වගේ හරි වැඩකාරයා //","බඹර වගේ විසේකාරයා
",roudy boy,boy,bee
අනාවැකියක් කියනවානම්,Mihindu Ariyaratne,Scattered Singles ,2019, Mihindu Ariyaratne,"අනාවැකියක් කියනවානම් ආදරේ වෙනුවෙන්
සිනා දහසක් පිපෙනවා ඇත මගේ වෙනවානම්
අනාවැකියක් කියනවානම් ආදරේ වෙනුවෙන්
සිනා දහසක් පිපෙනවා ඇත මගේ වෙනවානම්
මලෙහි අවසර ලැබෙන තුරු මල් පෙති නොවිඳි බඹරුන්
මලෙහි අවසර ලැබෙන තුරු මල් පෙති නොවිඳි බඹරුන්
මම වෙමිය සොඳුරියේ
මම වෙමිය සොඳුරියේ
එනයින් ඔබ පිපේ සුවඳින්
සුවඳින්
සඳෙහි අවසර ලැබෙන තුරැ සඳ දිය නොවිදි කුමරැන්
සඳෙහි අවසර ලැබෙන තුරැ සඳ දිය නොවිදි කුමරැන්
මම වෙමිය සොඳුරියේ
මම වෙමිය සොඳුරියේ
එනයින් ඔබ දිලේ සතුටින්
සතුටින්
අනාවැකියක් කියනවානම් ආදරේ වෙනුවෙන්
සිනා දහසක් පිපෙනවා ඇත මගේ වෙනවානම්
අනාවැකියක් කියනවානම් ආදරේ වෙනුවෙන්
සිනා දහසක් පිපෙනවා ඇත","මලෙහි අවසර ලැබෙන තුරු මල් පෙති නොවිඳි බඹරුන්",waiting for chance to enjoy,boys,bees 
Neela Dase,Romesh & Lakshan,None,2007,Rinaz Mohomad,"නීල දෑසේ දුටුවා ඔබෙ පේ‍්‍රම ආලිංගයේ
ගීත රාවේ දැනුනා සොඳුරු දෙහද රන් සත්සරේ
මාහදේ වෙළෙනා ඔබ මගේ සිහිනේ පිරුනා
මිහිරාවියේ මාගේ
මුලකුරු ඔබයි මාගේ සෙනෙහසේ හොඩියේ
පිංචිලා ලියවූ දිනේ
සිත පෙම් පුරන මං සොයන මා ජීවිතේ
අනිමි සේ බැඳුනා නිල් නෙත් යුග මා
මා හදේ වෙළෙනා ඔබ මගේ සිහිනේ පිරුනා
මතකයන් වාගේ
හදවත උයන් තෙරේ පිනූ රස පළ වැලේ
ඔබ තමා නොඉඳුල් පළේ
රස සොයන බිඟු කැලක විස දළ තුඩින්
සඳවමි දිවිපුරා මාගේ ආදරේ
මා හදේ වෙළෙනා ඔබ මගේ සිහිනේ පිරුනා
මතකයන් මාගේ
නීල දෑසේ දුටුවා ඔබෙ පේ‍්‍රම ආලිංගයේ
ගීත රාවේ දැනුනා සොඳුරු දෙහද රන් සත්සරේ
මාහදේ වෙළෙනා ඔබ මගේ සිහිනේ පිරුනා
මිහිරාවියේ මාගේ",මුලකුරු ඔබයි මාගේ සෙනෙහසේ හොඩියේ,"You are the starting point or foundation of the my love, and that they are very important to the me",My love,Initials
Soya Awa,"Charitha Attalage, Ridma Weerawardena",Dura Akahe Master Collection by Charitha Attalage,2017,Chandrasena Thalangama,"සදා කාලේ මා, හදේ වීනා
මවා පෑ සිනා
මගේ හීනේ මා, සොයා ආවා
පැතූ සේ එදා
කොයිද උපමා, ලොවේ කිසිදා
අසා නෑ මා
හදේ ඇඳුනා, හිතේ රැඳුනා
ඔබේ රුව මා
මගේ ගීතේ මා, එදා කීවා
හදේ පෑරෙනා
ඔබේ දෑසේ ගී පොතේ වූ වා
මගේ චේතනා
ඇයි ද ගොලු වී, බලා නොබලා
සිනා පානා
සොයා ආවා, සොයා ආවා
එදා මෙන් මා
දෑසේ ලා සඳ රේඛා
සිසිලේ නෑ වේවා
මුහුනේ ගෑ ආලෙපේ
සොඳුරේ මා වේවා
ඉතිරේවා, සැමදා සෙනේ
මා පැතුවා හදින්, සමාවී අසන්
අඳුරේ මා නොහෙලා ඉතින්
සිනා පා ඉඳින්, සදා මා ළඟින්
මගේ ගීතේ මා, එදා කීවා
හදේ පෑරෙනා
ඔබේ දෑසේ ගී පොතේ වූ වා
මගේ චේතනා
ඇයි ද ගොලු වී, බලා නොබලා
සිනා පානා
සොයා ආවා, සොයා ආවා",හදේ වීනා මවා පෑ සිනා,My heartbeat implies that I'm happy,Heartbeat,Violin
Therunado Wisal Adare,Yasas Medagedara,NA,2022,"Shehan Galahitiyawa,  Ayodhya Fernando, Sajith Akmeemana","තේරුනාදෝ විසල් ආදරේ
පෑරි මිදුනා සුසුම් ආකහේ
සඳ නිවුනා සුපෙම් ජීවිතේ
පෑරුනාදෝ ඔබත් මා වගේ..

දෑස රුව අහසේ පායා
දෑස මත සේදී සේයා
සිත සිරවී සොයයි ආදරේ
රිදුනි සිත රහසේ පාරා
කඳුළු පිනි දෑසේ රූරා
සිහින ගානේ සොයයි ආදරේ..

ලං වෙවී වෙන් වුනි
පෑරුනි... තේරුනි...
පාරා සිතින් මා සදා
ආදරේ මාරුතේ 
වෑහුනි... පාවුනි..
වෙන්වී හැගුම් දී ඈ ගියා..
සිහින ගානේ සුපෙම් වී තියා
දෑස මානේ වහන් වී ගියා

දෑස රුව අහසේ පායා
දෑස මත සේදී සේයා
සිත සිරවී සොයයි ආදරේ
රිදුනි සිත රහසේ පාරා
කඳුළු පිනි දෑසේ රූරා
සිහින ගානේ සොයයි ආදරේ..","කදුළු පිනි දෑසේ රූරා
ආදරේ මා රුතේ","Tearing up
Journey of love","Tears
Love","Dew
Road"
"සාගරය බඳු වේදනාවෝ","Senanayaka Weraliyadda,",unkonown,2003,shantha deshabandu,"සාගරය බඳු වේදනාවෝ
සුන්වෙලා යනවෝ
ජීවිතය ගෙන වන්දනාවක
යන්න අපි යනවෝ ...
සාගරය බඳු වේදනාවෝ
සුන්වෙලා යනවෝ
ජීවිතය ගෙන වන්දනාවක
යන්න අපි යනවෝ ...
MUSIC

පෙරුම් පුරනා බෝසතුන්ටත්

මාර සෙන් සිටියෝ
ඉතින් එහෙනම් අපට නැතිවෙද
රුදුරු බාධාවෝ
පැමිණි දුක්‌ කඳ පැණිරසක්‌ ලෙස
බෝසතුන් සිතුවෝ
ඉතින් එහෙනම් අපිත් ඉවසමු
දුක්‌ඛ ගංගාවෝ
සාගරය බඳු වේදනාවෝ
සුන්වෙලා යනවෝ
ජීවිතය ගෙන වන්දනාවක
යන්න අපි යනවෝ
MUSIC

එදා කඳුලැල් මෙදා හසරැල්

පැතුම් ඉටුවෙනවෝ
පැතුම් හොඳනම් යනෙන ගමනෙදි
සිහින එළිවෙනවෝ
මිනිස්‌ ලොවකට ලබන්නට බැරි
ජයක්‌ කොතැනකදෝ
මිනිස්‌කම් මත දිවි ගෙවයිනම්
ඔවුන් ජය ලැබුවෝ
සාගරය බඳු වේදනාවෝ
සුන්වෙලා යනවෝ
ජීවිතය ගෙන වන්දනාවක
යන්න අපි යනවෝ ..
සාගරය බඳු වේදනාවෝ
සුන්වෙලා යනවෝ
ජීවිතය ගෙන වන්දනාවක
යන්න අපි යනවෝ","පෙරුම් පුරනා බෝසතුන්ටත්
මාර සෙන් සිටියෝ",every person may have enimies,enemies,death army
පායා ආ සඳ,Milton Mallawarachchi,සංසාරේ සෙවනැල්ල,1990,Karunaratne Abeysekera,"පායා ආ සඳ අඳුරු වළාවෙන්
මා ඉදිරියෙදිම වැසුනා
සෝකය තාපය පාළුව අතරේ
ඉකිබිඳ හැඬුවා ඇසුණා

හද විමනේ බිතු සිතුවම් කිලිටි කළේ ඔබෙ දෑතයි
හද විමනේ බිතු සිතුවම් කිලිටි කළේ ඔබෙ දෑතයි
නොපැතු වියෝගයෙ මහ වරුසාවෙන්
දෑත දෙපය මගෙ සීතයි
දෑත දෙපය මගෙ සීතයි

ඔබ පැමිණි ඔබම ගියා නැවතුණ තැන මම ඉන්නම්
ඔබ පැමිණි ඔබම ගියා නැවතුණ තැන මම ඉන්නම්
මගෙ සහයෝගය පතන වෙලාවේ
කොහි සිට හෝ යළි එන්නම්
කොහි සිට හෝ යළි එන්නම්",හද විමනේ බිතු සිතුවම්,Thoughts,Paintings,Dreams & Imaginations
Sandawathiya Obai,Roshan Fernando,Sandawathiya Obai,2010,Roshan Fernando,"සඳවතිය ඔබයි....
මුදු සුවය ඔබයි....
මගෙ ජීවිතේ.....
මගෙ ජීවිතේ....
අපි අපේ වෙමු සදා...
හිරු කුමරු ඔබයි...
මට දිරිය ඔබයි...
මගෙ ජීවිතේ...
මගෙ ජීවිතේ...
අපි අපේ වෙමු සදා...
මේ භවයේ.....ඔබ මා සොයලා..
ලංවූවා.....සෙනෙහේ පුදලා..
කතරක වැහිදිය පොදක්වගේ
හමුවූවා......ඔබ හමුවූවා..
සඳවතිය ඔබයි....
මට දිරිය ඔබයි...
මගෙ ජීවිතේ...
මගෙ ජීවිතේ...
අපි අපේ වෙමු සදා...
ඔබහා මා.......සතුටින් හිදිමූ...
දිවි ගමනේ....අපි එකට යමූ...
සමුගන්නාදා ලෝකයෙන්
එකට යමූ.....අපි එකට යමූ.....
සඳවතිය ඔබයි....
මුදු සුවය ඔබයි....
මගෙ ජීවිතේ.....
මගෙ ජීවිතේ....
අපි අපේ වෙමු සදා...
හිරු කුමරු ඔබයි...
මට දිරිය ඔබයි...
මගෙ ජීවිතේ...
මගෙ ජීවිතේ...
අපි අපේ වෙමු සදා...
අපි අපේ වෙමු සදා...",සඳවතිය,"Having a strong influence on the speaker's life and actions, or that they are an integral part of the speaker's life",Girl,Moon
"Mal Pen Podak",Bathiya and Santhush,Tharunyaye,2002,"Wasantha Dukgannarala","මගෙ සිහිනේ ඔබයි
මගෙ සිහිනේ ඔබයි
තනි යහනේ නොවෙයි
ආදරයේ හද උණුසුම ඔබයි
ඔබෙ සෙනෙහේ මගෙයි
ඔබෙ සෙනෙහේ මගෙයි
තනි යහනේ නොවෙයි
ආදරයේ ඔබ මුතුලැල් වටී
මගෙ සිහිනේ ඔබයි
ඔබෙ සෙනෙහේ මගෙයි
තනි යහනේ නොවෙයි (නොවෙයි)
ආදරයේ හද උණුසුම ඔබයි
මල් පැන් පොදක් කිනිත්තක් අගින්
ඉසින්නා වගෙයි මට ඔබේ ආදරේ...!!
මල් පැන් පොදක් කිනිත්තක් අගින්
ඉසින්නා වගෙයි මට ඔබේ ආදරේ...!!
නෙළුමක් නෙළුමක් අරං...
මගෙ සිහිනේ ඔබයි
ඔබෙ සෙනෙහේ මගෙයි
තනි යහනේ නොවෙයි (නොවෙයි)
ආදරයේ හද උණුසුම ඔබයි
ඔබගෙන් තරම් ලැබූ පෙම් වදන්
ඉතිං ආදරෙයි නම් බෝහෝමයි හැගුම්...!!
ඔබගෙන් තරම් ලැබූ පෙම් වදන්
ඉතිං ආදරෙයි නම් බෝහෝමයි හැගුම්...!!
අහසක් අහසක් තරම්.
මල් පැන් පොදක් කිනිත්තක් අගින්
ඉසින්නා වගෙයි මට ඔබේ ආදරේ...!!
ඔබගෙන් තරම් ලැබූ පෙම් වදන්
ඉතිං ආදරෙයි නම් බෝහෝමයි හැගුම්...!!
මල් පැන් පොදක් කිනිත්තක් අගින්
ඉසින්නා වගෙයි මට ඔබේ ආදරේ...!!
ඔබගෙන් තරම් ලැබූ පෙම් වදන්
ඉතිං ආදරෙයි නම් බෝහෝමයි හැගුම්...!!
මල් පැන් පොදක්...",මගෙ සිහිනේ ඔබයි,Having strong feelings for a person,Person,Dream
Diwyanganawee,Prasanga Thisera,Diwyanganawee,2018,Sampath Fernandopulle,"සිතින් ප්‍රේම වඩනා
මා සුරංගනාවී
මගේ ලයේ දැවටී
දුක් තැවුල් නිවාවී
තාරකා රිදී සිනාවන්
අහස්කුස මැවූ රටාවන්
පීදෙනා මගේ හැගුම් සිත්තම්
මා දිව්‍යය අංගනාවී

දේදුන්නේ හීන කැන්දූ
නීල වර්ණේ
නේත්‍රා මනරම්
රෑ කාලේ සේද රැන්දූ
කේෂ සේනා මවනා සිතුවම්

සිතින් ප්‍රේම වඩනා
මා සුරංගනාවී
මගේ ලයේ දැවටී
දුක් තැවුල් නිවාවී
තාරකා රිදී සිනාවන්
අහස්කුස මැවූ රටාවන්
පීදෙනා මගේ හැගුම් සිත්තම්
මා දිව්‍යය අංගනාවී

හැන්දෑවේ සයුරු තීරේ
කීව ගීතේ මාත්‍රා හුරතල්
මල් වාගෙ කෝල බැල්ම
පෑයු මූනේ මායා විකුමන්
මාලතී කොපුල් සිනාසී
ආදරේ දෝර ගලාවී
සුසුම් වැල් දෑසේ මියැදී

සිතින් ප්‍රේම වඩනා
මා සුරංගනාවී
මගේ ලයේ දැවටී
දුක් තැවුල් නිවාවී
තාරකා රිදී සිනාවන්
අහස්කුස මැවූ රටාවන්
පීදෙනා මගේ හැගුම් සිත්තම්
මා දිව්‍යය අංගනාවී

සිතින් ප්‍රේම වඩනා
මා සුරංගනාවී
මගේ ලයේ දැවටී
දුක් තැවුල් නිවාවී
තාරකා රිදී සිනාවන්
අහස්කුස මැවූ රටාවන්
පීදෙනා මගේ හැගුම් සිත්තම්
මා දිව්‍යය අංගනාවී",තාරකා රිදී සිනාවන්,"Smiles described as dazzling or brilliant, like stars in the night sky",Smile,Silver Stars
අපි එකම රෑනෙ කුරුල්ලෝ,Wijesundara Weragoda,අපි එකම රෑනෙ කුරුල්ලෝ,2012,Ven. Elle Gunawansa Thero,"අපි එකම රෑනේ කුරුල්ලෝ
අපි එකම රෑනේ කුරුල්ලෝ
මේ පාරා..දීසේ......
නෑ වෙන්වන්නේ.. නෑ තනිවෙන්නේ
වරෙල්ලා.... මේ රෑනේ
වරෙල්ලා.... මේ රෑනේ

මදු තියලා
දැල් එළලා
නෑ පැටලෙන්නෙ අපී
අපේම ලොවකට පියඹා යන්නේ
වරෙල්ලා.... මේ රෑනේ
වරෙල්ලා.... මේ රෑනේ

අපි එකම රෑනේ කුරුල්ලෝ...

තටු ලැබුනේ
පියඹා යන්නයි
කූඩුව දොරකඩ ඉන්.න නොවෙයි
අපේම ලොවකට පියඹා යන්නේ
වරෙල්ලා.... මේ රෑනේ
වරෙල්ලා.... මේ රෑනේ

අපි එකම රෑනේ කුරුල්ලෝ
අපි එකම රෑනේ කුරුල්ලෝ
මේ පාරා..දීසේ......
නෑ වෙන්වන්නේ.. නෑ තනිවෙන්නේ
වරෙල්ලා.... මේ රෑනේ
වරෙල්ලා.... මේ රෑනේ
වරෙල්ලා.... මේ රෑනේ",අපි එකම රෑනෙ කුරුල්ලෝ,We are unite as birds of the same flock,Animals,People
හිතින් යන අය,Sanka Dineth,Hada Gasama ,2020,Sanka Dineth,"වසන් වන සඳ වලාකුළකට
අඬා වැටුණට තාරකාවක්
ආයෙ එන්නේ නෑ
හිතින් යන අය අතින් අල්ලා
නවත්තන්නට බෑ
හිතින් යන අය අතින් අල්ලා
නවත්තන්නට බෑ
වසන් වන සඳ වලාකුළකට
අඬා වැටුණට තාරකාවක්
ආයෙ එන්නේ නෑ
හිතින් යන අය අතින් අල්ලා
නවත්තන්නට බෑ
හිතින් යන අය අතින් අල්ලා
නවත්තන්නට බෑ
මවාදී තරු රටා අහසේ
සිනාසී උන් තරු කිනිත්තෙන්
මලානික වූ පුංචි තරුවක්
පොළෝ තලයට කඩා වැටුණා
සරා සඳකට දරාගන්නට බෑ
හිතින් යන අය අතින් අල්ලා
නවත්තන්නට බෑ
හිතින් යන අය අතින් අල්ලා
නවත්තන්නට බෑ
නිවී යන තරුවක කතාවේ
බිඳීගිය මතකයේ සැමරුම්
හිතේ ගැඹුරුම තැන තියාගෙන
ආදරේ ඉකිබිඳුම් ඇසුණා
මලානික ඇස් හිනාවෙන්නේ නෑ
හිතින් යන අය අතින් අල්ලා
නවත්තන්නට බෑ
හිතින් යන අය අතින් අල්ලා
නවත්තන්නට බෑ
වසන් වන සඳ වලාකුළකට
අඬා වැටුණට තාරකාවක්
ආයෙ එන්නේ නෑ
හිතින් යන අය අතින් අල්ලා
නවත්තන්නට බෑ
හිතින් යන අය අතින් අල්ලා
නවත්තන්නට බෑ","වසන් වන සඳ වලාකුළ
",leaving loved person by someone,loved person(girl),moon
Naden,"Kanchana Anuradhi, Supun Perera",NA,2022,Dulan ARX,"නෑ නෑ නැවතුන මේ හිත නුඹ ළඟ
වෙනතක නතර වෙලා..
මා හා ඉඟිබිඟි පානා නුඹෙ නෙත දැක හිත ඔකඳ වෙලා..

හද නිම් නාදෙන් නාදෙන් නාදෙන් නාදෙන් නාදෙන් මත් වෙන්නා..
හැඟුමන් ආ දෙන් ⁣යා වෙම් නුඹේම වෙලා..ලා ලලා

හද නිම් නාදෙන් නාදෙන් නාදෙන් නාදෙන් නාදෙන් මත් වෙන්නා..
හැඟුමන් ආ දෙන් ⁣යා වෙම් නුඹේම වෙලා..ලා ලලා

දෙවඟන ඈ..
රැවකට නැවතී මා පෙර නෑ
නාහෙට නාහන මේ හද නෑ..
සිහියක හිඳවනු බෑ
දැක නාරී නාරී නාරී (දේහේ ඈ)

දිනකර ඈ
මන පිනිබිඳුවකි මා ළග ඈ
සිලුවකි ගිනි දවනා ගත රෑ..
සමවැද හිදිනට බෑ
මිදි දෑනෙන් දෑනෙන් දෑනෙන් ආයේ..

දේවී ප්‍රේමී හැඟුමන් පා
වේවී හෘදේ ලැගුමන් මා..
මේ නෙත් මානෙන් නොම යන් මාගෙන් මාගෙන් මාගෙන්

දේවී ප්‍රේමී හැඟුමන් පා
වේවී හෘදේ ලැගුමන් මා..
මේ නෙත් මානෙන් නොම යන් මාගෙන් මාගෙන් මාගෙන්

හද නිම් නාදෙන් නාදෙන් නාදෙන් නාදෙන් නාදෙන් මත් වෙන්නා..
හැඟුමන් ආ දෙන් ⁣යා වෙම් නුඹේම වෙලා..ලා ලලා..

හද නිම් නාදෙන් නාදෙන් නාදෙන් නාදෙන් නාදෙන් මත් වෙන්නා..
හැඟුමන් ආ දෙන් ⁣යා වෙම් නුඹේම වෙලා..ලා ලලා..

දේවී ප්‍රේමී හැඟුමන් පා
වේවී හෘදේ ලැගුමන් මා..
මේ නෙත් මානෙන් නොම යන් මාගෙන් මාගෙන් මාගෙන්

දේවී ප්‍රේමී හැඟුමන් පා
වේවී හෘදේ ලැගුමන් මා..
මේ නෙත් මානෙන් නොම යන් මාගෙන් මාගෙන් මාගෙන්

නෑ නෑ නැවතුන මේ හිත නුඹ ළඟ
වෙනතක නතර වෙලා..
මා හා ඉඟිබිඟි පානා නුඹෙ නෙත දැක හිත ඔකඳ වෙලා",දෙවඟන ඈ,You are an angel,Girl,Angel
මදු මල ලෙස,Milton Mallawaarachchi,Milton Pranama,1996,Milton Mallawaarachchi,"මදු මල ලෙස මෘදු මාගේ ප්රියාදර මිහිරාවිය වෙතටයි
ඔබ සිහි කර කර ඔබට ලියන එක මට ඇති එක සතුටයි
අපමන සිතුවිලි බිහිවි තෙරපිලි එකිනෙක පැටලෙන්නේ
කොහොම පටන්ගෙන මොනව ලියන්නද නැත මට වැටහෙන්නේ
කෙටියෙන් පවසමි මගේ ආදරියේ කීමට ඇති සැමදේ
පරෙවි රැජිනියේ එදා වගෙ අදත් ඔබට තවම මම ආදරෙයි
ඔබට තවම මම ආදරෙයි
මදු මල ලෙස මෘදු මාගේ ප්රියාදර මිහිරාවිය වෙතටයි
ඔබ සිහි කර කර ඔබට ලියන එක මට ඇති එක සතුටයි
හිත ගොලු වෙනවා අත වෙව්ලනවා හදවත ගැස්සෙනවා
ලිපියෙහි කොලයට මුහුන යොමන කොට නෙත් දෙක පියවෙනවා
කෙටියෙන් පවසමි මගෙ ආදරියේ කීමට ඇති සැමදේ
පරෙවි රජිනියේ එදා වගේ අදත් ඔබට තවම මම ආදරෙයි
ඔබට තවම මම ආදරෙයි
ඔබට තවම මම ආදරෙයි
ඔබට තවම මම ආදරෙයි",මදු මල ලෙස මෘදු ,soft beautiful girl,girl,flower
Oba Magemai,Ranindu,Oba Magemai,2003,Chanaka Jayasekara,"උණුසුම් වූ මේ කුරිරු ලොවේ
ඇයිද මා මෙසේ තනි කෙරුවේ
මා ළය උණු වී හඩා වැටෙන විට
ඔබ වෙනතක දැන් බලවිදෝ
දිවිය පුරා මා ඔබ රකිමි
මනුදම් ගුණදම් කියාදෙමි
ඔබ මගෙමයි මා ඔබෙමයි
සසර පුරා අප සිටින තුරා
ගලා හැලෙන නිල් නදිය ඔබයි
දොරේ ගලා යන සෙනෙහෙ ඔබයි
හිමිදිරි උදයේ සුවය ඔබයි
මගේ දිවිය හිමිකාරී ඔබයි
ගලා හැලෙන නිල් නදිය ඔබයි
දොරේ ගලා යන සෙනෙහෙ ඔබයි
හිමිදිරි උදයේ සුවය ඔබයි
මගේ දිවිය හිමිකාරී ඔබයි
(Wowwooho ho ho ho)
(Yeay yeay yeah yeah yeah)
අඳුරු වූ මේ සැහැසි ලොවේ
ඔබයි මමයි ආලෝකය වේ
ආදරයට ලෝකය හඬනා විට
ඔබයි මමයි වෙනතක යාදෝ
ගහකොළ ඇලදොළ අපේ තමයි
පුංචි පැටව් රැල අපේ තමයි
මා මෙන් ඔබ මෙන් අපේ ලෝකයක්
රැකෙන්නේ අප රැකුනොත් පමණයි
ගලා හැලෙන නිල් නදිය ඔබයි
දොරේ ගලා යන සෙනෙහෙ ඔබයි
හිමිදිරි උදයේ සුවය ඔබයි
මගේ දිවිය හිමිකාරී ඔබයි
ගලා හැලෙන නිල් නදිය ඔබයි
දොරේ ගලා යන සෙනෙහෙ ඔබයි
හිමිදිරි උදයේ සුවය ඔබයි
මගේ දිවිය හිමිකාරී ඔබයි
සසර අප සිටින තුරා
ගලා හැලෙන නිල් නදිය ඔබයි
දොරේ ගලා යන සෙනෙහෙ ඔබයි
හිමිදිරි උදයේ සුවය ඔබයි
මගේ දිවිය හිමිකාරී ඔබයි
ගලා හැලෙන නිල් නදිය ඔබයි
දොරේ ගලා යන සෙනෙහෙ ඔබයි
හිමිදිරි උදයේ සුවය ඔබයි
මගේ දිවිය හිමිකාරී ඔබයි",ගලා හැලෙන නිල් නදිය ඔබයි,You are beautiful just like a flowing blue river,Person,Blue River
"සිත අනන්තයේ රැදිලා සද සේ
දි",Kaveesha Kaviraj,,2019,Imesh Wijebandara,"සිත අනන්තයේ රැදිලා සද සේ
දිලුනා දිලුනා දිලුනා දිලුනා
ජීවිතයේ කවුළු හැම වසන්තයෙ
අපි තුරුළු වෙවී
වින්දා වින්දා වින්දා වින්දා
උමතු කදුළු සුළි කුණාටුවක් වී විනාශයක්
මැවුනා මැවුනා මැවුනා මැවුනා
රකුසු වෙස් මකුළි ඉඩෝරයේ
රළු පොලවක් සේ
දැවුනා දැවුනා දැවුනා දැවුනා
වේදනා බුබුලු

දූවිලි කුණාටුවේ පාවෙන
සුර කුමාරියේ
ඇසුනා සැම කතා බහේ
පිරිහී ඔබ සමාජයේ
මා නොසිතූ විරාමයේ
නවතීමට ලගා උනේ
මායා නෙත තරාදියේ කියලා ඔබ පලාගියේ

සිත අනන්තයේ රැදිලා සද සේ
දිලුනා දිලුනා දිලුනා දිලුනා
ජීවිතයේ කවුළු හැම වසන්තයෙ
අපි තුරුළු වෙවී
වින්දා වින්දා වින්දා වින්දා
උමතු කදුළු සුළි කුණාටුවක් වී විනාශයක්
මැවුනා මැවුනා මැවුනා මැවුනා
රකුසු වෙස් මකුළි ඉඩෝරයේ
රළු පොලවක් සේ
දැවුනා දැවුනා දැවුනා දැවුනා
වේදනා බුබුලු

පාවෙන වලාතිරේ සද
බාගෙට ගිලී ගියේ
ඔබ නැති මේ නුරා රැයේ
ගිම්හානය පවා සැලේ
දෑස පුරා ඇදුනා කැලබූ
සිතුවිලි සේනා
දින් තාරු සෙනේ දියවී සංසාරේ පුරා මැවුනා",දූවිලි කුනාටුවේ පාවෙන සුරකුමාරියේ,Girl living in bad society,bad society,dust storm
Hada Salena,Aruna Liyan,Hada Salena,2008,Hemasiri Halpita,"නිල් නුවන් හසකැලුම් – පවසමින් පෙම් හැගුම්
ජීවිතයේ, . යෞවනයේ, දකිනා.  
සුර ළදුන් සෙනෙහසින් – මගෙ පැතුම් සරසමින්
මා දෙනෙතේ... මා මනසේ... රැදුනා.

හදසැලෙනා. රැයේ හිම සිසිලේ...
රහසේ. අහසේ ඈත ඉමේ
මුතු වරුසා, සැලුනා තාම මැවේ...
නෙබිදී නොමැකී ඒ මතකේ...

සිතු ලෙසින් සැනසෙම්න් – නිදහසෙන් නැලවෙමින්
මගෙ දිවියේ. ඒ යුගයේ තිබුනා
දහසකින් සුව දසුන්, පහසකින් ලද රසින්
මෝහනයේ... සත්සරයේ රැදුනා.

හදසැලෙනා. රැයේ හිම සිසිලේ...
රහසේ. අහසේ ඈත ඉමේ
මුතු වරුසා, සැලුනා තාම මැවේ...
නෙබිදී නොමැකී ඒ මතකේ...

හදසැලෙනා. රැයේ හිම සිසිලේ...
රහසේ. අහසේ ඈත ඉමේ...
හදසැලෙනා. රැයේ හිම සිසිලේ...
රහසේ. අහසේ ඈත ඉමේ
මුතු වරුසා, සැලුනා තාම මැවේ...
නෙබිදී නොමැකී ඒ මතකේ...//
","මුතු වරුසා, සැලුනා තාම මැවේ","Continue to experience or observe something that is very valuable or precious to them, as if it were raining down from the sky in abundance.",Rain,Pearl
"මල් වියනින් බැදි මහ බැද්දේ උන්..
","Senanayaka Weraliyadda,",unkonown,2004,"Senanayaka Weraliyadda,","මල් වියනින් බැදි මහ බැද්දේ උන්..

අකුරු කරන්නට නුවරට ගිය මන්..
නුවර පිරීලා එරමිණි කටු වැල්
ආයෙත් බැද්දට එනවා මන්

මල් වියනින් බැදි මහ බැද්දේ උන්..
අකුරු කරන්නට නුවරට ගිය මන්..
නුවර පිරීලා එරමිණි කටු වැල්
ආයෙත් බැද්දට එනවා මන්

තෙන් තෙදිනන් තෙදිනන් තෙදිනන්
තෙදිනන් තෙදිනානේ.........
තෙදිනන් තෙදිනන් තෙදිනන් තෙදිනන්
තෙදිනානේ......... හොයි


මල් පැනි මෝරන කාලෙට බැද්දේ

ගී පද ගොතලා තාලෙට කීවේ


මල් පැනි මෝරන කාලෙට බැද්දේ

ගී පද ගොතලා තාලෙට කීවේ

සොර බොර වැව ලග කොමලිගේ කෝමල

නුවර කොහේවත් තිබුනා නම්

මල් වියනින් බැදි මහ බැද්දේ උන්..
අකුරු කරන්නට නුවරට ගිය මන්..
නුවර පිරීලා එරමිණි කටු වැල්
ආයෙත් බැද්දට එනවා මන්

තෙන් තෙදිනන් තෙදිනන් තෙදිනන්
තෙදිනන් තෙදිනානේ.........
තෙදිනන් තෙදිනන් තෙදිනන් තෙදිනන්
තෙදිනානේ......... හොයි


මහතුන් වෙනවාට වැඩිය හොදායි මට
බැද්දේ බතාක් කර හිටියානම්

මහතුන් වෙනවාට වැඩිය හොදායි මට
බැද්දේ බතාක් කර හිටියානම්

මල් පට ඇරුනම කුරුලු මිටේ ගැර

ආයෙත් බැද්දට එනවා ම්ං

මල් වියනින් බැදි මහ බැද්දේ උන්..
අකුරු කරන්නට නුවරට ගිය මන්..
නුවර පිරීලා එරමිණි කටු වැල්
ආයෙත් බැද්දට එනවා මන්

මල් වියනින් බැදි මහ බැද්දේ උන්..
අකුරු කරන්නට නුවරට ගිය මන්..
නුවර පිරීලා එරමිණි කටු වැල්
ආයෙත් බැද්දට එනවා මන්

තෙන් තෙදිනන් තෙදිනන් තෙදිනන්
තෙදිනන් තෙදිනානේ.........
තෙදිනන් තෙදිනන් තෙදිනන් තෙදිනන්
තෙදිනානේ......... හොයි

තෙන් තෙදිනන් තෙදිනන් තෙදිනන්
තෙදිනන් තෙදිනානේ.........
තෙදිනන් තෙදිනන් තෙදිනන් තෙදිනන්
තෙදිනානේ......... හොයි",නුවර පිරීලා එරමිණි කටු වැල්,town has a lot of  hamrmful things,harmful things,thorn vines
රන්වන් මල්දම්,CENTIGRADZ,Rusiri,2009,CENTIGRADZ,"රන්වන් මල්දම් සොද ගොතා මා අතින්
ගෙන නිල් වරලස හැඩ දමා සිතින්
මන්මත් කරදා මුදු සිනහ මල් සරින්
සැනසෙන්නම් සොඳුර නුඹ මතින්
රන්වන් මල්දම් සොද ගොතා මා අතින්
ගෙන නිල් වරලස හැඩ දමා සිතින්
මන්මත් කරදා මුදු සිනහ මල් සරින්
සැනහෙන්නම් සොඳුර නුඹ මතින්
ඔය මුදු පහසෙ දැවටෙන්න මගෙ ජීවිතේ
සඳ කිරණක්ව සරසන්න මගෙ ආදරේ
මට පවසන්න ඔය නෙතඟෙ බැඳි ආදරේ
මගෙ හිත තාම නුඹ ගාව රැඳිලා තියේ
තුරුලට රැගෙන ආදරෙන් සිඹිමින්
හැඟුමක පැහැය නුඹෙ දෙතොලෙ තබමින්
හෙමිහිට ළමැද මත හුස්ම තබමින්
සෙනෙහෙස පතමි නුඹෙ දැහැනෙ රැඳෙමින්
තුරුලට රැගෙන ආදරෙන් සිඹිමින්
හැඟුමක පැහැය නුඹෙ දෙතොලෙ තබමින්
යහනක සතපවා සිහින දකිමින්
මියැදුණු සඳක නුඹ පතමි ස්නේහෙන්
ඔය මුදු පහසෙ දැවටෙන්න මගෙ ජීවිතේ
සඳ කිරණක්ව සරසන්න මගෙ ආදරේ
මට පවසන්න ඔය නෙතඟෙ බැඳි ආදරේ
මගෙ හිත තාම නුඹ ගාව රැඳිලා තියේ",මියැදුණු සඳක නුඹ පතමි,Wish a girl by hopless life,Hopeless life,Dark moon
Naukawa,Dhanith Sri,NA,2018,Dhanith Sri,"ඇදී යන්නේ
මේ දිගන්තේ මාරුතේ හැපී
මන්දාකිණි හමුවේවිදෝ
අහස් ගග තරණයේ

වසන්තේ
දුරයිදෝ
කෙසේ හෝ ලංවේවිදෝ
අනන්තේ දකියිදෝ
නිම් තෙර හමුවන තුරා

නෞකාවේ
ගමනේ
නෞකාවේ
ගමනේ

තරමක උසට වැඩුනු
හය හතරක ඇඟකට
උරුම කරුවෙකු
නොවන මගෙ පපුවට
ලොකු පොඩි හැම දෙයක්ම දැනුනා
මග බලන බලන තැන
හුස්මට දුවගෙන
තරුම හොයන් යන
මේ දිවි ගමනක
කෙළවර එක බව මට දැනුනා

වසන්තේ
දුරයිදෝ
කෙසේ හෝ ලංවේවිදෝ
අනන්තේ දකියිදෝ
නිම් තෙර හමුවන තුරා

නිමා වෙන්නේ මේ ජීවේ
රිද්මයකට හුරු වූ
හඹා යන්නේ මායාවේ
අතීතයම රැවටු

වසන්තේ
දුරයිදෝ
කෙසේ හෝ ලංවේවිදෝ
අනන්තේ දකියිදෝ
නිම් තෙර හමුවන තුරා

ගමනේ
නෞකාවේ
ගමනේ
නෞකාවේ
ගමනේ

නෞකාවේ
ගමනේ
ඇදී යන්නේ
මේ දිගන්තේ
මාරුතේ හැපී",වසන්තේ දුරයිදෝ,Is a good life far away,Good life,Spring
Digasiye,Dhanith Sri,Alokawarsha,2020,Dhanith Sri,"දිගැසියේ
දිගැසියේ

කොපුල් තෙමා හිටි හැටි
ඈ ඇවිද ගියා
තරු පලසේ
හීන මවාලා
ඈත ගියා දැන්
මා මිය යයි හද ගැස්මේ

කොපුල් තෙමා හිටි හැටි
ඈ ඇවිද ගියා
තරු පලසේ
හීන මවාලා
ඈත ගියා දැන්
මා මිය යයි හද ගැස්මේ

මායාවන් හංගමින්
සේයාවක් වත් නොදී
ඇගේ රී මා ඈතින් වින්දෙමි

රූපයේ මන බන්දනී
ප්‍රේමයේ අනුරාගිනී
වේදනාවේ මා තනිවෙමී

දිගැසියේ
දිගැසියේ
දිගැසියේ
දිගැසියේ

රූ අදුන් ගල්වන්නියේ
මා හැගුම් රිදවන්නියේ
රූපයෙන් මා මන මත්වෙමී

රත්‍රියේ සදවන් මුවේ
නිල් නුවන් සිප ගන්නේමී
මේ සිහිනේ මං නවතිමී

දිගැසියේ
දිගැසියේ
දිගැසියේ
දිගැසියේ",මා මිය යයි හද ගැස්මේ,I feel strong emotions,Strong emotions,Death
ZD8,Charitha Attalage,"Dura Akahe Master Collection by Charitha Attalage
Best of Charitha Attalage
Mahamaya - Memories of a Lifetime",2022,Kasun Edirisinghe,"කොහොඹ කණුවේ රැහැයියො ඉන්නවා
උන් රෑ මගෙ තනිකම මකනවා
නුඹ තාමත් දොරකඩ ඉන්නවා දැනෙනවා

රෑ හීනෙන් ඇවිදින් ඉන්නවා
උඹ කකුලෙන් අදිනවා දැනෙනවා
මම දන්නේ නැතිවම කඳුලක් වැටෙනවා

ඒත් අසලින් ඇවිදින් ඉන්නවා
මට ඒ බව ඉඳහිට දැනෙනවා
නුඹ තාමත් ගෙපිලේ ඉන්නව හැඟෙනවා

රෑට හීනෙන් ඇවිදින් ඉන්නවා
නුඹ කෙනිත්තුවා මට දැනුනා
රැහැයියො නාඩන් හාමිනෙ තවමත් ඉන්නවා

සුදු පාටින් නෑ සිල් රෙදි කහ පාටට හැරිලා
සේපාලිකා මල් සංකාවෙන් තනියම පිපිලා
පිපුණු පැණිකොමඩු මල් එතැනම පරවී වැටිලා
මගේ පොඩී එකී තුන් මාසෙන් පසු ගම යනවා

ගේ මැද පාළුයි මතකය පෑරෙයි 
යන එන හැම තැන නුඹ මැවිල පෙනෙයි
ඉරිඟු හේන මහා ඔත්පල වෙනවා 
මගෙ ඇතින්නියේ නුඹ මහ ඇල අරගෙන යනවා

හතර පෝයට නුඹ සිල් ගන්නවා
උරබන්දිය විස්තර අහනවා
නුඹ තාමත් දොරකඩ ඉන්නවා දැනෙනවා

වැඳපු දෙවිවරු නෑ අද වඩිනවා
නුඹ මඟහැරලා උන් ඉන්නවා 
මම දන්නේ නැතිවම කඳුලක් වැටෙනවා

හවස් යාමෙට නුඹෙ කවි ඇහෙනවා
මම දෑස් වසාගෙන අහනවා
නුඹ තාමත් ගෙපිලේ ඉන්නව හැඟෙනවා

වැරදිකාරයෝ මුනිවත රකිනවා
දඬුවම් නැති බව උන් දන්නවා
නුඹ උදුරාගිය ඇල තවමත් ගලනවා

රෑට හීනෙන් ඇවිදින් ඉන්නවා
නුඹ කෙනිත්තුවා මට දැනුනා
රැහැයියො නාඩන් හාමිනෙ තවමත් ඉන්නවා",හවස් යාමෙට නුඹෙ කවි ඇහෙනවා,I hear the sound of the elephant in the evening like it's a poem,Sound of an element,Poem
Sandawathiye,Ridma Weerawardena,Dura Akahe Master Collection by Charitha Attalage,2020,Nandana Wickramage,"සඳවතියේ ඔබ මගේමයයි කියාලා 
මං අහස බලා උන්නා
මං අහස බලා උන්නා
ඇසිපිය හෙලනා ඒ සුළු මොහොතේ පවා මා
වලාකුලට ඔබ මුවා වෙලා
ඇයි මගේ සඳවතියේ 

රැඳෙන්නෑ මා නෙත් මානයේ
නිවෙන්නේ ඇයි මේ යාමයේ
මා රිදවනු ඇයි 
මා හඬවනු ඇයි 
සඳවතියේ මා ඇයි තනිකෙරුවේ

සඳවතියේ ඔබ මගේමයයි කියාලා 
මං අහස බලා උන්නා
අහස බලා උන්නා
ඇසිපිය හෙලනා ඒ සුළු මොහොතේ පවා මා
වලාකුලට ඔබ මුවා වෙලා
ඇයි මගේ සඳවතියේ",සඳවතියේ ඔබ මගේමයයි කියාලා,Girl you are mine,Girl,Moon